username,user_role,sample_id,title,author,truth_genre,source_type,origin,is_poetry,quality_grade,updated_at
annotator_04,annotator,162,合唱队,张枣,poem,modern,,false,,Mon Aug 10 2026 07:59:07 GMT+0000 (Coordinated Universal Time)
annotator_04,annotator,66,九月的云,海子,poem,modern,,true,,Mon Aug 10 2026 07:59:23 GMT+0000 (Coordinated Universal Time)
annotator_04,annotator,567,无题,,nonpoem,social,,false,,Mon Aug 10 2026 07:59:39 GMT+0000 (Coordinated Universal Time)
annotator_04,annotator,917,我眼中的创业园区,,nonpoem,news,,false,,Mon Aug 10 2026 07:59:47 GMT+0000 (Coordinated Universal Time)
annotator_04,annotator,450,鸦,杜牧,poem,classic,,false,,Mon Aug 10 2026 07:59:54 GMT+0000 (Coordinated Universal Time)
annotator_04,annotator,343,赠常侍御,李白,poem,classic,,true,,Mon Aug 10 2026 08:00:01 GMT+0000 (Coordinated Universal Time)
annotator_04,annotator,983,所见·其实一直有一个大,,nonpoem,news,,false,,Mon Aug 10 2026 08:00:08 GMT+0000 (Coordinated Universal Time)
annotator_04,annotator,763,无题,,nonpoem,news,,false,,Mon Aug 10 2026 08:00:37 GMT+0000 (Coordinated Universal Time)
annotator_02,annotator,267,答张五弟,王维,poem,classic,,true,,Wed Aug 12 2026 09:05:28 GMT+0000 (Coordinated Universal Time)
annotator_02,annotator,377,风雨,李商隐,poem,classic,,true,,Wed Aug 12 2026 09:05:33 GMT+0000 (Coordinated Universal Time)
annotator_02,annotator,590,确实，然后,,nonpoem,social,,false,,Wed Aug 12 2026 09:05:40 GMT+0000 (Coordinated Universal Time)
annotator_02,annotator,100,太平洋的献诗,海子,poem,modern,,true,,Wed Aug 12 2026 09:06:15 GMT+0000 (Coordinated Universal Time)
annotator_02,annotator,739,关于感觉冷静沉着,,nonpoem,social,,false,,Wed Aug 12 2026 09:06:22 GMT+0000 (Coordinated Universal Time)
annotator_02,annotator,346,塞外寄张侍御,姚鹄,poem,classic,,true,,Wed Aug 12 2026 09:06:27 GMT+0000 (Coordinated Universal Time)
annotator_02,annotator,329,奉和圣制春日幸望春宫应制,韦元旦,poem,classic,,true,,Wed Aug 12 2026 09:06:29 GMT+0000 (Coordinated Universal Time)
annotator_02,annotator,871,无题,,nonpoem,news,,false,,Wed Aug 12 2026 09:06:32 GMT+0000 (Coordinated Universal Time)
annotator_02,annotator,524,聊聊看不懂博主是学校,,nonpoem,social,,false,,Wed Aug 12 2026 09:06:34 GMT+0000 (Coordinated Universal Time)
annotator_02,annotator,216,月下待杜鹃不来,徐志摩,poem,modern,,true,,Wed Aug 12 2026 09:06:36 GMT+0000 (Coordinated Universal Time)
annotator_02,annotator,516,我眼中的地球在我屁股底下,,nonpoem,social,,false,,Wed Aug 12 2026 09:07:00 GMT+0000 (Coordinated Universal Time)
annotator_02,annotator,986,关于单品,,nonpoem,news,,false,,Wed Aug 12 2026 09:07:05 GMT+0000 (Coordinated Universal Time)
annotator_02,annotator,332,于易水送人,骆宾王,poem,classic,,true,,Wed Aug 12 2026 09:07:06 GMT+0000 (Coordinated Universal Time)
annotator_02,annotator,249,珊瑚,徐志摩,poem,modern,,false,,Wed Aug 12 2026 09:07:10 GMT+0000 (Coordinated Universal Time)
annotator_02,annotator,823,无题,,nonpoem,news,,false,,Wed Aug 12 2026 09:07:13 GMT+0000 (Coordinated Universal Time)
annotator_02,annotator,969,无题,,nonpoem,news,,false,,Wed Aug 12 2026 09:07:15 GMT+0000 (Coordinated Universal Time)
annotator_02,annotator,163,夜,张枣,poem,modern,,false,,Wed Aug 12 2026 09:07:20 GMT+0000 (Coordinated Universal Time)
annotator_02,annotator,698,今天的我的翻译是,,nonpoem,social,,false,,Wed Aug 12 2026 09:07:22 GMT+0000 (Coordinated Universal Time)
annotator_02,annotator,205,在火车中的一次心软 (1),徐志摩,poem,modern,,false,,Wed Aug 12 2026 09:07:24 GMT+0000 (Coordinated Universal Time)
annotator_02,annotator,106,秋日黄昏,海子,poem,modern,,true,,Wed Aug 12 2026 09:07:50 GMT+0000 (Coordinated Universal Time)
annotator_02,annotator,466,新定途中 (1),杜牧,poem,classic,,false,,Wed Aug 12 2026 09:08:49 GMT+0000 (Coordinated Universal Time)
annotator_02,annotator,923,无题,,nonpoem,news,,false,,Wed Aug 12 2026 09:08:52 GMT+0000 (Coordinated Universal Time)
annotator_02,annotator,596,无题,,nonpoem,social,,false,,Wed Aug 12 2026 09:08:53 GMT+0000 (Coordinated Universal Time)
annotator_02,annotator,675,聊聊帮你写App端,,nonpoem,social,,false,,Wed Aug 12 2026 09:08:55 GMT+0000 (Coordinated Universal Time)
annotator_02,annotator,39,小风景,顾城,poem,modern,,true,,Wed Aug 12 2026 09:09:01 GMT+0000 (Coordinated Universal Time)
annotator_01,annotator,170,天鹅,张枣,poem,modern,,true,,Thu Aug 13 2026 08:47:08 GMT+0000 (Coordinated Universal Time)
annotator_01,annotator,536,无题,,nonpoem,social,,false,,Thu Aug 13 2026 08:47:11 GMT+0000 (Coordinated Universal Time)
annotator_01,annotator,558,关于是男的,,nonpoem,social,,false,,Thu Aug 13 2026 08:47:15 GMT+0000 (Coordinated Universal Time)
annotator_01,annotator,115,天鹅,海子,poem,modern,,true,,Thu Aug 13 2026 08:47:19 GMT+0000 (Coordinated Universal Time)
annotator_01,annotator,806,本报讯的一点思考,,nonpoem,news,,false,,Thu Aug 13 2026 08:47:26 GMT+0000 (Coordinated Universal Time)
annotator_01,annotator,51,星月的来由,顾城,poem,modern,,true,,Thu Aug 13 2026 08:47:28 GMT+0000 (Coordinated Universal Time)
annotator_01,annotator,802,聊聊同一个专业,,nonpoem,news,,false,,Thu Aug 13 2026 08:47:30 GMT+0000 (Coordinated Universal Time)
annotator_01,annotator,217,雪花的快乐,徐志摩,poem,modern,,true,,Thu Aug 13 2026 08:47:32 GMT+0000 (Coordinated Universal Time)
annotator_01,annotator,790,明珠三国的一点思考,,nonpoem,news,,false,,Thu Aug 13 2026 08:47:38 GMT+0000 (Coordinated Universal Time)
annotator_01,annotator,97,草原上,海子,poem,modern,,true,,Thu Aug 13 2026 08:47:44 GMT+0000 (Coordinated Universal Time)
annotator_01,annotator,142,西湖梦,张枣,poem,modern,,true,,Thu Aug 13 2026 08:47:47 GMT+0000 (Coordinated Universal Time)
annotator_01,annotator,840,聊聊已经美得无以复加,,nonpoem,news,,false,,Thu Aug 13 2026 08:47:51 GMT+0000 (Coordinated Universal Time)
annotator_01,annotator,164,海底的幸福夜,张枣,poem,modern,,true,,Thu Aug 13 2026 08:47:51 GMT+0000 (Coordinated Universal Time)
annotator_01,annotator,272,晓日,韩偓,poem,classic,,true,,Thu Aug 13 2026 08:47:54 GMT+0000 (Coordinated Universal Time)
annotator_01,annotator,92,七月不远,海子,poem,modern,,true,,Thu Aug 13 2026 08:47:56 GMT+0000 (Coordinated Universal Time)
annotator_01,annotator,880,关于但跟你开会就不会,,nonpoem,news,,false,,Thu Aug 13 2026 08:47:59 GMT+0000 (Coordinated Universal Time)
annotator_01,annotator,157,南京,张枣,poem,modern,,true,,Thu Aug 13 2026 08:48:06 GMT+0000 (Coordinated Universal Time)
annotator_01,annotator,703,中国债市入门的一点思考,,nonpoem,social,,false,,Thu Aug 13 2026 08:48:07 GMT+0000 (Coordinated Universal Time)
annotator_01,annotator,233,地中海中梦埃及魂入梦,徐志摩,poem,modern,,true,,Thu Aug 13 2026 08:48:10 GMT+0000 (Coordinated Universal Time)
annotator_01,annotator,234,五老峰,徐志摩,poem,modern,,true,,Thu Aug 13 2026 08:48:12 GMT+0000 (Coordinated Universal Time)
annotator_01,annotator,79,为什么你不生活在沙漠上,海子,poem,modern,,true,,Thu Aug 13 2026 08:48:14 GMT+0000 (Coordinated Universal Time)
annotator_01,annotator,502,无题,,nonpoem,social,,false,,Thu Aug 13 2026 08:48:17 GMT+0000 (Coordinated Universal Time)
annotator_01,annotator,644,所见·可视化创作时间轴,,nonpoem,social,,false,,Thu Aug 13 2026 08:48:19 GMT+0000 (Coordinated Universal Time)
annotator_01,annotator,32,早发的种子,顾城,poem,modern,,true,,Thu Aug 13 2026 08:48:24 GMT+0000 (Coordinated Universal Time)
annotator_01,annotator,123,八月尾,海子,poem,modern,,true,,Thu Aug 13 2026 08:48:28 GMT+0000 (Coordinated Universal Time)
annotator_01,annotator,800,无题,,nonpoem,news,,false,,Thu Aug 13 2026 08:48:30 GMT+0000 (Coordinated Universal Time)
annotator_01,annotator,981,聊聊该店店主称,,nonpoem,news,,false,,Thu Aug 13 2026 08:48:32 GMT+0000 (Coordinated Universal Time)
annotator_01,annotator,33,老人,顾城,poem,modern,,true,,Thu Aug 13 2026 08:48:35 GMT+0000 (Coordinated Universal Time)
annotator_01,annotator,239,古怪的世界,徐志摩,poem,modern,,true,,Thu Aug 13 2026 08:48:37 GMT+0000 (Coordinated Universal Time)
annotator_01,annotator,880,关于但跟你开会就不会,,nonpoem,news,,true,,Thu Aug 13 2026 08:48:39 GMT+0000 (Coordinated Universal Time)
annotator_01,annotator,510,聊聊我很讨厌现代诗,,nonpoem,social,,false,,Thu Aug 13 2026 08:48:41 GMT+0000 (Coordinated Universal Time)
annotator_01,annotator,947,无题,,nonpoem,news,,false,,Thu Aug 13 2026 08:48:43 GMT+0000 (Coordinated Universal Time)
annotator_01,annotator,199,他眼里有你,徐志摩,poem,modern,,true,,Thu Aug 13 2026 08:48:44 GMT+0000 (Coordinated Universal Time)
annotator_01,annotator,107,雨鞋,海子,poem,modern,,true,,Thu Aug 13 2026 08:48:47 GMT+0000 (Coordinated Universal Time)
annotator_01,annotator,755,今天的胡菲对这位球员网,,nonpoem,news,,false,,Thu Aug 13 2026 08:48:49 GMT+0000 (Coordinated Universal Time)
annotator_01,annotator,642,我眼中的怎么下,,nonpoem,social,,false,,Thu Aug 13 2026 08:48:52 GMT+0000 (Coordinated Universal Time)
annotator_01,annotator,324,寓言,黄滔,poem,classic,,true,,Thu Aug 13 2026 08:48:54 GMT+0000 (Coordinated Universal Time)
annotator_01,annotator,637,无题,,nonpoem,social,,true,,Thu Aug 13 2026 08:48:54 GMT+0000 (Coordinated Universal Time)
annotator_01,annotator,222,小影（The Portrait） (1),徐志摩,poem,modern,,false,,Thu Aug 13 2026 08:48:57 GMT+0000 (Coordinated Universal Time)
annotator_01,annotator,230,朝雾里的小草花,徐志摩,poem,modern,,true,,Thu Aug 13 2026 08:49:00 GMT+0000 (Coordinated Universal Time)
annotator_01,annotator,84,谣曲,海子,poem,modern,,true,,Thu Aug 13 2026 08:49:03 GMT+0000 (Coordinated Universal Time)
annotator_01,annotator,182,灯笼镇,张枣,poem,modern,,true,,Thu Aug 13 2026 08:49:05 GMT+0000 (Coordinated Universal Time)
annotator_01,annotator,74,死亡之诗（之一）,海子,poem,modern,,true,,Thu Aug 13 2026 08:49:05 GMT+0000 (Coordinated Universal Time)
annotator_01,annotator,252,将发循州社日于所居馆宴送,裴夷直,poem,classic,,true,,Thu Aug 13 2026 08:49:07 GMT+0000 (Coordinated Universal Time)
annotator_01,annotator,189,婴儿,徐志摩,poem,modern,,true,,Thu Aug 13 2026 08:49:08 GMT+0000 (Coordinated Universal Time)
annotator_01,annotator,515,我不会删除任何评的一点思考,,nonpoem,social,,false,,Thu Aug 13 2026 08:49:12 GMT+0000 (Coordinated Universal Time)
annotator_01,annotator,142,西湖梦,张枣,poem,modern,,true,,Thu Aug 13 2026 08:49:13 GMT+0000 (Coordinated Universal Time)
annotator_01,annotator,706,我眼中的上新中,,nonpoem,social,,false,,Thu Aug 13 2026 08:49:14 GMT+0000 (Coordinated Universal Time)
annotator_01,annotator,985,他有事不敢跟我说的一点思考,,nonpoem,news,,false,,Thu Aug 13 2026 08:49:16 GMT+0000 (Coordinated Universal Time)
annotator_01,annotator,781,无题,,nonpoem,news,,false,,Thu Aug 13 2026 08:49:18 GMT+0000 (Coordinated Universal Time)
annotator_01,annotator,627,我眼中的怎么下,,nonpoem,social,,false,,Thu Aug 13 2026 08:49:21 GMT+0000 (Coordinated Universal Time)
annotator_01,annotator,196,天神似的英雄,徐志摩,poem,modern,,true,,Thu Aug 13 2026 08:49:22 GMT+0000 (Coordinated Universal Time)
annotator_01,annotator,44,爱的日记,顾城,poem,modern,,true,,Thu Aug 13 2026 08:49:24 GMT+0000 (Coordinated Universal Time)
annotator_01,annotator,802,聊聊同一个专业,,nonpoem,news,,false,,Thu Aug 13 2026 08:49:27 GMT+0000 (Coordinated Universal Time)
annotator_01,annotator,244,这年头活着不易,徐志摩,poem,modern,,false,,Thu Aug 13 2026 08:49:32 GMT+0000 (Coordinated Universal Time)
annotator_01,annotator,656,所以是78的一点思考,,nonpoem,social,,false,,Thu Aug 13 2026 08:49:35 GMT+0000 (Coordinated Universal Time)
annotator_01,annotator,200,天国的消息,徐志摩,poem,modern,,true,,Thu Aug 13 2026 08:49:36 GMT+0000 (Coordinated Universal Time)
annotator_01,annotator,702,十个海子全部醒来，然后,,nonpoem,social,,true,,Thu Aug 13 2026 08:49:38 GMT+0000 (Coordinated Universal Time)
annotator_01,annotator,668,荆州，然后,,nonpoem,social,,false,,Thu Aug 13 2026 08:49:40 GMT+0000 (Coordinated Universal Time)
annotator_01,annotator,903,无题,,nonpoem,news,,false,,Thu Aug 13 2026 08:49:43 GMT+0000 (Coordinated Universal Time)
annotator_01,annotator,551,无题,,nonpoem,social,,false,,Thu Aug 13 2026 08:49:52 GMT+0000 (Coordinated Universal Time)
annotator_01,annotator,436,齐安郡中偶题二首,杜牧,poem,classic,,true,,Thu Aug 13 2026 08:49:55 GMT+0000 (Coordinated Universal Time)
annotator_01,annotator,207,在哀克刹脱教堂前（Exeter）,徐志摩,poem,modern,,true,,Thu Aug 13 2026 08:49:56 GMT+0000 (Coordinated Universal Time)
annotator_01,annotator,100,太平洋的献诗,海子,poem,modern,,true,,Thu Aug 13 2026 08:49:59 GMT+0000 (Coordinated Universal Time)
annotator_01,annotator,187,南岸第一次雪花,张枣,poem,modern,,true,,Thu Aug 13 2026 08:49:59 GMT+0000 (Coordinated Universal Time)
annotator_01,annotator,532,所见·孩子妈,,nonpoem,social,,false,,Thu Aug 13 2026 08:50:01 GMT+0000 (Coordinated Universal Time)
annotator_01,annotator,906,无题,,nonpoem,news,,false,,Thu Aug 13 2026 08:50:03 GMT+0000 (Coordinated Universal Time)
annotator_01,annotator,113,眺望北方,海子,poem,modern,,true,,Thu Aug 13 2026 08:50:03 GMT+0000 (Coordinated Universal Time)
annotator_01,annotator,60,小巷,顾城,poem,modern,,true,,Thu Aug 13 2026 08:50:05 GMT+0000 (Coordinated Universal Time)
annotator_01,annotator,914,就在广州到处游荡，然后,,nonpoem,news,,false,,Thu Aug 13 2026 08:50:09 GMT+0000 (Coordinated Universal Time)
annotator_01,annotator,79,为什么你不生活在沙漠上,海子,poem,modern,,true,,Thu Aug 13 2026 08:50:10 GMT+0000 (Coordinated Universal Time)
annotator_01,annotator,862,他说的一点思考,,nonpoem,news,,false,,Thu Aug 13 2026 08:50:11 GMT+0000 (Coordinated Universal Time)
annotator_01,annotator,85,诗人叶赛宁（组诗）,海子,poem,modern,,true,,Thu Aug 13 2026 08:50:15 GMT+0000 (Coordinated Universal Time)
annotator_01,annotator,971,无题,,nonpoem,news,,false,,Thu Aug 13 2026 08:50:18 GMT+0000 (Coordinated Universal Time)
annotator_01,annotator,806,本报讯的一点思考,,nonpoem,news,,false,,Thu Aug 13 2026 08:50:20 GMT+0000 (Coordinated Universal Time)
annotator_01,annotator,546,今天的他始终保持着写作,,nonpoem,social,,false,,Thu Aug 13 2026 08:50:23 GMT+0000 (Coordinated Universal Time)
annotator_01,annotator,992,无题,,nonpoem,news,,false,,Thu Aug 13 2026 08:50:24 GMT+0000 (Coordinated Universal Time)
annotator_01,annotator,778,所见·前值,,nonpoem,news,,false,,Thu Aug 13 2026 08:50:26 GMT+0000 (Coordinated Universal Time)
annotator_01,annotator,135,雪,张枣,poem,modern,,true,,Thu Aug 13 2026 08:50:26 GMT+0000 (Coordinated Universal Time)
annotator_01,annotator,90,远方,海子,poem,modern,,true,,Thu Aug 13 2026 08:50:28 GMT+0000 (Coordinated Universal Time)
annotator_01,annotator,574,今天的5年就要有成果,,nonpoem,social,,false,,Thu Aug 13 2026 08:50:28 GMT+0000 (Coordinated Universal Time)
annotator_01,annotator,110042,无题,,nonpoem,news,,false,,Thu Aug 13 2026 08:50:29 GMT+0000 (Coordinated Universal Time)
annotator_01,annotator,960,无题,,nonpoem,news,,false,,Thu Aug 13 2026 08:50:29 GMT+0000 (Coordinated Universal Time)
annotator_01,annotator,148,老师,张枣,poem,modern,,true,,Thu Aug 13 2026 08:50:31 GMT+0000 (Coordinated Universal Time)
annotator_01,annotator,297,秋雨,薛能,poem,classic,,true,,Thu Aug 13 2026 08:50:31 GMT+0000 (Coordinated Universal Time)
annotator_01,annotator,109784,五 不要追问太阳,LiBai,poem,ai,,true,,Thu Aug 13 2026 08:50:32 GMT+0000 (Coordinated Universal Time)
annotator_01,annotator,120,主人,海子,poem,modern,,true,,Thu Aug 13 2026 08:50:33 GMT+0000 (Coordinated Universal Time)
annotator_01,annotator,109842,在大风暴来临的时候,LiBai,poem,ai,,true,,Thu Aug 13 2026 08:50:34 GMT+0000 (Coordinated Universal Time)
annotator_01,annotator,3,对宇宙大声发问,顾城,poem,modern,,true,,Thu Aug 13 2026 08:50:34 GMT+0000 (Coordinated Universal Time)
annotator_01,annotator,854,无题,,nonpoem,news,,false,,Thu Aug 13 2026 08:50:34 GMT+0000 (Coordinated Universal Time)
annotator_01,annotator,111,肉体（之一）,海子,poem,modern,,true,,Thu Aug 13 2026 08:50:35 GMT+0000 (Coordinated Universal Time)
annotator_01,annotator,940,今天的他表示,,nonpoem,news,,false,,Thu Aug 13 2026 08:50:37 GMT+0000 (Coordinated Universal Time)
annotator_01,annotator,176,朦胧时代的老人,张枣,poem,modern,,true,,Thu Aug 13 2026 08:50:37 GMT+0000 (Coordinated Universal Time)
annotator_01,annotator,869,无题,,nonpoem,news,,false,,Thu Aug 13 2026 08:50:38 GMT+0000 (Coordinated Universal Time)
annotator_01,annotator,16,地基,顾城,poem,modern,,true,,Thu Aug 13 2026 08:50:39 GMT+0000 (Coordinated Universal Time)
annotator_01,annotator,55,两组灵魂的和声,顾城,poem,modern,,true,,Thu Aug 13 2026 08:50:41 GMT+0000 (Coordinated Universal Time)
annotator_01,annotator,540,无题,,nonpoem,social,,false,,Thu Aug 13 2026 08:50:42 GMT+0000 (Coordinated Universal Time)
annotator_01,annotator,162,合唱队,张枣,poem,modern,,true,,Thu Aug 13 2026 08:50:43 GMT+0000 (Coordinated Universal Time)
annotator_01,annotator,109780,分离,LiBai,poem,ai,,true,,Thu Aug 13 2026 08:50:44 GMT+0000 (Coordinated Universal Time)
annotator_01,annotator,460,绿萝,杜牧,poem,classic,,true,,Thu Aug 13 2026 08:50:44 GMT+0000 (Coordinated Universal Time)
annotator_01,annotator,86,十四行：王冠,海子,poem,modern,,true,,Thu Aug 13 2026 08:50:45 GMT+0000 (Coordinated Universal Time)
annotator_01,annotator,110,秋,海子,poem,modern,,true,,Thu Aug 13 2026 08:50:46 GMT+0000 (Coordinated Universal Time)
annotator_01,annotator,109940,安慰,LiBai,poem,ai,,true,,Thu Aug 13 2026 08:50:46 GMT+0000 (Coordinated Universal Time)
annotator_01,annotator,773,无题,,nonpoem,news,,false,,Thu Aug 13 2026 08:50:46 GMT+0000 (Coordinated Universal Time)
annotator_01,annotator,594,无题,,nonpoem,social,,true,,Thu Aug 13 2026 08:50:48 GMT+0000 (Coordinated Universal Time)
annotator_01,annotator,679,我眼中的试图在四,,nonpoem,social,,false,,Thu Aug 13 2026 08:50:48 GMT+0000 (Coordinated Universal Time)
annotator_01,annotator,763,无题,,nonpoem,news,,true,,Thu Aug 13 2026 08:50:50 GMT+0000 (Coordinated Universal Time)
annotator_01,annotator,925,无题,,nonpoem,news,,false,,Thu Aug 13 2026 08:50:51 GMT+0000 (Coordinated Universal Time)
annotator_01,annotator,823,无题,,nonpoem,news,,true,,Thu Aug 13 2026 08:50:52 GMT+0000 (Coordinated Universal Time)
annotator_01,annotator,759,无题,,nonpoem,news,,false,,Thu Aug 13 2026 08:50:53 GMT+0000 (Coordinated Universal Time)
annotator_01,annotator,196,天神似的英雄,徐志摩,poem,modern,,true,,Thu Aug 13 2026 08:50:53 GMT+0000 (Coordinated Universal Time)
annotator_01,annotator,109970,所见·增聘童汀先生,,nonpoem,news,,false,,Thu Aug 13 2026 08:50:54 GMT+0000 (Coordinated Universal Time)
annotator_01,annotator,794,无题,,nonpoem,news,,false,,Thu Aug 13 2026 08:50:55 GMT+0000 (Coordinated Universal Time)
annotator_01,annotator,362,寻陆鸿渐不遇,僧皎然,poem,classic,,true,,Thu Aug 13 2026 08:50:55 GMT+0000 (Coordinated Universal Time)
annotator_01,annotator,780,我眼中的在欧,,nonpoem,news,,false,,Thu Aug 13 2026 08:50:56 GMT+0000 (Coordinated Universal Time)
annotator_01,annotator,838,聊聊再度传讯吴景,,nonpoem,news,,true,,Thu Aug 13 2026 08:50:57 GMT+0000 (Coordinated Universal Time)
annotator_01,annotator,629,聊聊拯救卤味计划,,nonpoem,social,,false,,Thu Aug 13 2026 08:50:59 GMT+0000 (Coordinated Universal Time)
annotator_01,annotator,349,同耿拾遗春中题第四郎新修书院,卢纶,poem,classic,,true,,Thu Aug 13 2026 08:50:59 GMT+0000 (Coordinated Universal Time)
annotator_01,annotator,28,海峡那边的平安,顾城,poem,modern,,true,,Thu Aug 13 2026 08:51:01 GMT+0000 (Coordinated Universal Time)
annotator_01,annotator,706,我眼中的上新中,,nonpoem,social,,false,,Thu Aug 13 2026 08:51:02 GMT+0000 (Coordinated Universal Time)
annotator_01,annotator,137,厨师,张枣,poem,modern,,true,,Thu Aug 13 2026 08:51:03 GMT+0000 (Coordinated Universal Time)
annotator_01,annotator,473,山寺,杜牧,poem,classic,,true,,Thu Aug 13 2026 08:51:03 GMT+0000 (Coordinated Universal Time)
annotator_01,annotator,62,远和近,顾城,poem,modern,,true,,Thu Aug 13 2026 08:51:05 GMT+0000 (Coordinated Universal Time)
annotator_01,annotator,109796,别,LiBai,poem,ai,,true,,Thu Aug 13 2026 08:51:05 GMT+0000 (Coordinated Universal Time)
annotator_01,annotator,611,聊聊世界杯,,nonpoem,social,,false,,Thu Aug 13 2026 08:51:05 GMT+0000 (Coordinated Universal Time)
annotator_01,annotator,650,emmm，然后,,nonpoem,social,,false,,Thu Aug 13 2026 08:51:06 GMT+0000 (Coordinated Universal Time)
annotator_01,annotator,59,倾听时间,顾城,poem,modern,,true,,Thu Aug 13 2026 08:51:08 GMT+0000 (Coordinated Universal Time)
annotator_01,annotator,946,无题,,nonpoem,news,,false,,Thu Aug 13 2026 08:51:09 GMT+0000 (Coordinated Universal Time)
annotator_01,annotator,377,风雨,李商隐,poem,classic,,true,,Thu Aug 13 2026 08:51:10 GMT+0000 (Coordinated Universal Time)
annotator_01,annotator,179,桃花园,张枣,poem,modern,,true,,Thu Aug 13 2026 08:51:11 GMT+0000 (Coordinated Universal Time)
annotator_01,annotator,411,已凉,韩偓,poem,classic,,true,,Thu Aug 13 2026 08:51:11 GMT+0000 (Coordinated Universal Time)
annotator_01,annotator,866,所见·这个,,nonpoem,news,,false,,Thu Aug 13 2026 08:51:13 GMT+0000 (Coordinated Universal Time)
annotator_01,annotator,109894,摄,LiBai,poem,ai,,true,,Thu Aug 13 2026 08:51:14 GMT+0000 (Coordinated Universal Time)
annotator_01,annotator,908,无题,,nonpoem,news,,false,,Thu Aug 13 2026 08:51:14 GMT+0000 (Coordinated Universal Time)
annotator_01,annotator,62,远和近,顾城,poem,modern,,true,,Thu Aug 13 2026 08:51:15 GMT+0000 (Coordinated Universal Time)
annotator_01,annotator,716,Faclon的一点思考,,nonpoem,social,,false,,Thu Aug 13 2026 08:51:16 GMT+0000 (Coordinated Universal Time)
annotator_01,annotator,110139,今天的他说,,nonpoem,news,,false,,Thu Aug 13 2026 08:51:16 GMT+0000 (Coordinated Universal Time)
annotator_01,annotator,895,关于统计显示,,nonpoem,news,,false,,Thu Aug 13 2026 08:51:18 GMT+0000 (Coordinated Universal Time)
annotator_01,annotator,5,灵魂有一个孤寂的住所,顾城,poem,modern,,true,,Thu Aug 13 2026 08:51:19 GMT+0000 (Coordinated Universal Time)
annotator_01,annotator,638,今天的最近听了一场某国,,nonpoem,social,,true,,Thu Aug 13 2026 08:51:20 GMT+0000 (Coordinated Universal Time)
annotator_01,annotator,813,无题,,nonpoem,news,,false,,Thu Aug 13 2026 08:51:21 GMT+0000 (Coordinated Universal Time)
annotator_01,annotator,109910,木偶,LiBai,poem,ai,,true,,Thu Aug 13 2026 08:51:21 GMT+0000 (Coordinated Universal Time)
annotator_01,annotator,211,在那山道旁,徐志摩,poem,modern,,true,,Thu Aug 13 2026 08:51:23 GMT+0000 (Coordinated Universal Time)
annotator_01,annotator,997,无题,,nonpoem,news,,false,,Thu Aug 13 2026 08:51:24 GMT+0000 (Coordinated Universal Time)
annotator_01,annotator,110054,都让人的一点思考,,nonpoem,news,,false,,Thu Aug 13 2026 08:51:25 GMT+0000 (Coordinated Universal Time)
annotator_01,annotator,46,有时，我真想,顾城,poem,modern,,true,,Thu Aug 13 2026 08:51:26 GMT+0000 (Coordinated Universal Time)
annotator_01,annotator,109785,枫,LiBai,poem,ai,,true,,Thu Aug 13 2026 08:51:27 GMT+0000 (Coordinated Universal Time)
annotator_01,annotator,96,云朵,海子,poem,modern,,true,,Thu Aug 13 2026 08:51:28 GMT+0000 (Coordinated Universal Time)
annotator_01,annotator,109789,情诗一束,LiBai,poem,ai,,true,,Thu Aug 13 2026 08:51:29 GMT+0000 (Coordinated Universal Time)
annotator_01,annotator,249,珊瑚,徐志摩,poem,modern,,true,,Thu Aug 13 2026 08:51:30 GMT+0000 (Coordinated Universal Time)
annotator_01,annotator,109835,夜航,LiBai,poem,ai,,true,,Thu Aug 13 2026 08:51:31 GMT+0000 (Coordinated Universal Time)
annotator_01,annotator,215,你是谁呀,徐志摩,poem,modern,,false,,Thu Aug 13 2026 08:51:31 GMT+0000 (Coordinated Universal Time)
annotator_01,annotator,161,来临,张枣,poem,modern,,true,,Thu Aug 13 2026 08:51:31 GMT+0000 (Coordinated Universal Time)
annotator_01,annotator,963,我眼中的女性论坛上,,nonpoem,news,,true,,Thu Aug 13 2026 08:51:33 GMT+0000 (Coordinated Universal Time)
annotator_01,annotator,143,（一稿）,张枣,poem,modern,,false,,Thu Aug 13 2026 08:51:33 GMT+0000 (Coordinated Universal Time)
annotator_01,annotator,110060,关于他们不会害怕蜘蛛,,nonpoem,news,,false,,Thu Aug 13 2026 08:51:34 GMT+0000 (Coordinated Universal Time)
annotator_01,annotator,229,幻想,徐志摩,poem,modern,,false,,Thu Aug 13 2026 08:51:34 GMT+0000 (Coordinated Universal Time)
annotator_01,annotator,31,珠贝,顾城,poem,modern,,true,,Thu Aug 13 2026 08:51:35 GMT+0000 (Coordinated Universal Time)
annotator_01,annotator,770,我眼中的深灰色的运动套装,,nonpoem,news,,true,,Thu Aug 13 2026 08:51:36 GMT+0000 (Coordinated Universal Time)
annotator_01,annotator,109998,所以想留下来，然后,,nonpoem,news,,false,,Thu Aug 13 2026 08:51:37 GMT+0000 (Coordinated Universal Time)
annotator_01,annotator,613,我眼中的马拉松爱好者,,nonpoem,social,,false,,Thu Aug 13 2026 08:51:38 GMT+0000 (Coordinated Universal Time)
annotator_01,annotator,110084,所见·度开发,,nonpoem,news,,false,,Thu Aug 13 2026 08:51:39 GMT+0000 (Coordinated Universal Time)
annotator_01,annotator,134,苍蝇,张枣,poem,modern,,false,,Thu Aug 13 2026 08:51:40 GMT+0000 (Coordinated Universal Time)
annotator_01,annotator,131,钻墙者和极端的倾听之歌,张枣,poem,modern,,true,,Thu Aug 13 2026 08:51:41 GMT+0000 (Coordinated Universal Time)
annotator_01,annotator,563,今天的在香港坐地铁,,nonpoem,social,,false,,Thu Aug 13 2026 08:51:42 GMT+0000 (Coordinated Universal Time)
annotator_01,annotator,531,无题,,nonpoem,social,,false,,Thu Aug 13 2026 08:51:43 GMT+0000 (Coordinated Universal Time)
annotator_01,annotator,339,安邑王校书居,耿湋,poem,classic,,true,,Thu Aug 13 2026 08:51:45 GMT+0000 (Coordinated Universal Time)
annotator_01,annotator,136,祖父,张枣,poem,modern,,true,,Thu Aug 13 2026 08:51:48 GMT+0000 (Coordinated Universal Time)
annotator_01,annotator,110047,无题,,nonpoem,news,,false,,Thu Aug 13 2026 08:51:50 GMT+0000 (Coordinated Universal Time)
annotator_01,annotator,728,我眼中的一边是,,nonpoem,social,,true,,Thu Aug 13 2026 08:51:52 GMT+0000 (Coordinated Universal Time)
annotator_01,annotator,109832,梦痕,LiBai,poem,ai,,true,,Thu Aug 13 2026 08:51:53 GMT+0000 (Coordinated Universal Time)
annotator_01,annotator,29,佛语,顾城,poem,modern,,true,,Thu Aug 13 2026 08:51:54 GMT+0000 (Coordinated Universal Time)
annotator_01,annotator,970,我眼中的宾利,,nonpoem,news,,false,,Thu Aug 13 2026 08:51:54 GMT+0000 (Coordinated Universal Time)
annotator_01,annotator,559,不标记已读的一点思考,,nonpoem,social,,false,,Thu Aug 13 2026 08:51:57 GMT+0000 (Coordinated Universal Time)
annotator_01,annotator,992,无题,,nonpoem,news,,false,,Thu Aug 13 2026 08:51:57 GMT+0000 (Coordinated Universal Time)
annotator_01,annotator,203,花牛歌,徐志摩,poem,modern,,false,,Thu Aug 13 2026 08:51:59 GMT+0000 (Coordinated Universal Time)
annotator_01,annotator,824,无题,,nonpoem,news,,false,,Thu Aug 13 2026 08:51:59 GMT+0000 (Coordinated Universal Time)
annotator_01,annotator,505,无题,,nonpoem,social,,true,,Thu Aug 13 2026 08:52:02 GMT+0000 (Coordinated Universal Time)
annotator_01,annotator,145,白天的天鹅,张枣,poem,modern,,true,,Thu Aug 13 2026 08:52:03 GMT+0000 (Coordinated Universal Time)
annotator_01,annotator,619,无题,,nonpoem,social,,false,,Thu Aug 13 2026 08:52:04 GMT+0000 (Coordinated Universal Time)
annotator_01,annotator,88,公爵的私生女,海子,poem,modern,,true,,Thu Aug 13 2026 08:52:05 GMT+0000 (Coordinated Universal Time)
annotator_01,annotator,293,饯唐州高使君赴任,韦元旦,poem,classic,,true,,Thu Aug 13 2026 08:52:05 GMT+0000 (Coordinated Universal Time)
annotator_01,annotator,109949,石壁,LiBai,poem,ai,,true,,Thu Aug 13 2026 08:52:06 GMT+0000 (Coordinated Universal Time)
annotator_01,annotator,845,无题,,nonpoem,news,,true,,Thu Aug 13 2026 08:52:07 GMT+0000 (Coordinated Universal Time)
annotator_01,annotator,631,求教，然后,,nonpoem,social,,false,,Thu Aug 13 2026 08:52:07 GMT+0000 (Coordinated Universal Time)
annotator_01,annotator,758,我眼中的01,,nonpoem,news,,false,,Thu Aug 13 2026 08:52:08 GMT+0000 (Coordinated Universal Time)
annotator_01,annotator,29,佛语,顾城,poem,modern,,false,,Thu Aug 13 2026 08:52:10 GMT+0000 (Coordinated Universal Time)
annotator_01,annotator,163,夜,张枣,poem,modern,,true,,Thu Aug 13 2026 08:52:10 GMT+0000 (Coordinated Universal Time)
annotator_01,annotator,242,白旗,徐志摩,poem,modern,,false,,Thu Aug 13 2026 08:52:13 GMT+0000 (Coordinated Universal Time)
annotator_01,annotator,539,无题,,nonpoem,social,,false,,Thu Aug 13 2026 08:52:15 GMT+0000 (Coordinated Universal Time)
annotator_01,annotator,839,关于tte,,nonpoem,news,,false,,Thu Aug 13 2026 08:52:16 GMT+0000 (Coordinated Universal Time)
annotator_01,annotator,109844,抱着白虎走过海洋,LiBai,poem,ai,,true,,Thu Aug 13 2026 08:52:18 GMT+0000 (Coordinated Universal Time)
annotator_01,annotator,432,雪中书怀 (1),杜牧,poem,classic,,false,,Thu Aug 13 2026 08:52:18 GMT+0000 (Coordinated Universal Time)
annotator_01,annotator,184,瞧，弟弟，这些空瓶子……,张枣,poem,modern,,true,,Thu Aug 13 2026 08:52:19 GMT+0000 (Coordinated Universal Time)
annotator_01,annotator,676,无题,,nonpoem,social,,false,,Thu Aug 13 2026 08:52:22 GMT+0000 (Coordinated Universal Time)
annotator_01,annotator,661,我眼中的生息相通,,nonpoem,social,,true,,Thu Aug 13 2026 08:52:24 GMT+0000 (Coordinated Universal Time)
annotator_01,annotator,681,无题,,nonpoem,social,,false,,Thu Aug 13 2026 08:52:25 GMT+0000 (Coordinated Universal Time)
annotator_01,annotator,31,珠贝,顾城,poem,modern,,true,,Thu Aug 13 2026 08:52:27 GMT+0000 (Coordinated Universal Time)
annotator_01,annotator,639,聊聊不装了,,nonpoem,social,,false,,Thu Aug 13 2026 08:52:29 GMT+0000 (Coordinated Universal Time)
annotator_01,annotator,109942,祖国,LiBai,poem,ai,,true,,Thu Aug 13 2026 08:52:31 GMT+0000 (Coordinated Universal Time)
annotator_01,annotator,50,水乡,顾城,poem,modern,,true,,Thu Aug 13 2026 08:52:32 GMT+0000 (Coordinated Universal Time)
annotator_01,annotator,725,所见·患萌症,,nonpoem,social,,false,,Thu Aug 13 2026 08:52:33 GMT+0000 (Coordinated Universal Time)
annotator_01,annotator,796,我眼中的超越刘德华,,nonpoem,news,,false,,Thu Aug 13 2026 08:52:33 GMT+0000 (Coordinated Universal Time)
annotator_01,annotator,849,所见·收盘于2710,,nonpoem,news,,true,,Thu Aug 13 2026 08:52:34 GMT+0000 (Coordinated Universal Time)
annotator_01,annotator,577,拯救卤味计划，然后,,nonpoem,social,,false,,Thu Aug 13 2026 08:52:35 GMT+0000 (Coordinated Universal Time)
annotator_01,annotator,254,婺州水馆重阳日作,韦庄,poem,classic,,true,,Thu Aug 13 2026 08:52:36 GMT+0000 (Coordinated Universal Time)
annotator_01,annotator,787,动分析的一点思考,,nonpoem,news,,false,,Thu Aug 13 2026 08:52:36 GMT+0000 (Coordinated Universal Time)
annotator_01,annotator,110066,无题,,nonpoem,news,,false,,Thu Aug 13 2026 08:52:37 GMT+0000 (Coordinated Universal Time)
annotator_01,annotator,327,白沙亭逢吴叟歌,韦应物,poem,classic,,true,,Thu Aug 13 2026 08:52:37 GMT+0000 (Coordinated Universal Time)
annotator_01,annotator,160,你认识的所有的人……,张枣,poem,modern,,true,,Thu Aug 13 2026 08:52:38 GMT+0000 (Coordinated Universal Time)
annotator_01,annotator,795,更是采用了一种的一点思考,,nonpoem,news,,false,,Thu Aug 13 2026 08:52:40 GMT+0000 (Coordinated Universal Time)
annotator_01,annotator,663,今天的斯基逃难中,,nonpoem,social,,false,,Thu Aug 13 2026 08:52:44 GMT+0000 (Coordinated Universal Time)
annotator_01,annotator,113,眺望北方,海子,poem,modern,,true,,Thu Aug 13 2026 08:52:49 GMT+0000 (Coordinated Universal Time)
annotator_01,annotator,213,猛虎 (1),徐志摩,poem,modern,,true,,Thu Aug 13 2026 08:52:49 GMT+0000 (Coordinated Universal Time)
annotator_01,annotator,860,无题,,nonpoem,news,,false,,Thu Aug 13 2026 08:52:52 GMT+0000 (Coordinated Universal Time)
annotator_01,annotator,815,所见·大学英语四六级考,,nonpoem,news,,false,,Thu Aug 13 2026 08:52:53 GMT+0000 (Coordinated Universal Time)
annotator_01,annotator,172,黄昏,张枣,poem,modern,,true,,Thu Aug 13 2026 08:52:57 GMT+0000 (Coordinated Universal Time)
annotator_01,annotator,366,宿建德江,孟浩然,poem,classic,,true,,Thu Aug 13 2026 08:52:57 GMT+0000 (Coordinated Universal Time)
annotator_01,annotator,537,聊聊大家都注意安全吧,,nonpoem,social,,false,,Thu Aug 13 2026 08:53:01 GMT+0000 (Coordinated Universal Time)
annotator_01,annotator,178,早春二月,张枣,poem,modern,,false,,Thu Aug 13 2026 08:53:02 GMT+0000 (Coordinated Universal Time)
annotator_01,annotator,110032,关于8月31日女装,,nonpoem,news,,false,,Thu Aug 13 2026 08:53:03 GMT+0000 (Coordinated Universal Time)
annotator_01,annotator,798,球队也以1，然后,,nonpoem,news,,false,,Thu Aug 13 2026 08:53:03 GMT+0000 (Coordinated Universal Time)
annotator_01,annotator,204,诔词 (1),徐志摩,poem,modern,,true,,Thu Aug 13 2026 08:53:04 GMT+0000 (Coordinated Universal Time)
annotator_01,annotator,110079,我眼中的科学,,nonpoem,news,,false,,Thu Aug 13 2026 08:53:05 GMT+0000 (Coordinated Universal Time)
annotator_01,annotator,603,无题,,nonpoem,social,,false,,Thu Aug 13 2026 08:53:06 GMT+0000 (Coordinated Universal Time)
annotator_01,annotator,156,枯坐,张枣,poem,modern,,true,,Thu Aug 13 2026 08:53:07 GMT+0000 (Coordinated Universal Time)
annotator_01,annotator,181,祖国丛书,张枣,poem,modern,,true,,Thu Aug 13 2026 08:53:09 GMT+0000 (Coordinated Universal Time)
annotator_01,annotator,110074,无题,,nonpoem,news,,false,,Thu Aug 13 2026 08:53:10 GMT+0000 (Coordinated Universal Time)
annotator_01,annotator,177,四、人,张枣,poem,modern,,true,,Thu Aug 13 2026 08:53:11 GMT+0000 (Coordinated Universal Time)
annotator_01,annotator,109814,分离,LiBai,poem,ai,,true,,Thu Aug 13 2026 08:53:12 GMT+0000 (Coordinated Universal Time)
annotator_01,annotator,776,无题,,nonpoem,news,,false,,Thu Aug 13 2026 08:53:12 GMT+0000 (Coordinated Universal Time)
annotator_01,annotator,19,我曾是火中最小的花朵,顾城,poem,modern,,true,,Thu Aug 13 2026 08:53:13 GMT+0000 (Coordinated Universal Time)
annotator_01,annotator,812,经济学家对，然后,,nonpoem,news,,false,,Thu Aug 13 2026 08:53:13 GMT+0000 (Coordinated Universal Time)
annotator_01,annotator,110078,今天的1月3日下午,,nonpoem,news,,false,,Thu Aug 13 2026 08:53:14 GMT+0000 (Coordinated Universal Time)
annotator_01,annotator,554,无题,,nonpoem,social,,false,,Thu Aug 13 2026 08:53:15 GMT+0000 (Coordinated Universal Time)
annotator_01,annotator,110076,所见·想要变身为这个,,nonpoem,news,,false,,Thu Aug 13 2026 08:53:16 GMT+0000 (Coordinated Universal Time)
annotator_01,annotator,176,朦胧时代的老人,张枣,poem,modern,,true,,Thu Aug 13 2026 08:53:16 GMT+0000 (Coordinated Universal Time)
annotator_01,annotator,110072,汽油库存环比减少的一点思考,,nonpoem,news,,false,,Thu Aug 13 2026 08:53:17 GMT+0000 (Coordinated Universal Time)
annotator_01,annotator,103,明天醒来我会在哪一只鞋子里,海子,poem,modern,,true,,Thu Aug 13 2026 08:53:18 GMT+0000 (Coordinated Universal Time)
annotator_01,annotator,852,主张坚，然后,,nonpoem,news,,false,,Thu Aug 13 2026 08:53:19 GMT+0000 (Coordinated Universal Time)
annotator_01,annotator,957,关于法国有关部门,,nonpoem,news,,false,,Thu Aug 13 2026 08:53:20 GMT+0000 (Coordinated Universal Time)
annotator_01,annotator,110141,今天的央视,,nonpoem,news,,false,,Thu Aug 13 2026 08:53:20 GMT+0000 (Coordinated Universal Time)
annotator_01,annotator,407,望岳,杜甫,poem,classic,,true,,Thu Aug 13 2026 08:53:21 GMT+0000 (Coordinated Universal Time)
annotator_01,annotator,351,自河南经乱，关内阻饥，兄弟离散，各在一处。因望月有感，聊书所怀，寄上浮梁大兄、於潜七兄、乌江十五兄，兼示符离及下邽弟妹,白居易,poem,classic,,true,,Thu Aug 13 2026 08:53:23 GMT+0000 (Coordinated Universal Time)
annotator_01,annotator,109989,聊聊不见不散,,nonpoem,news,,false,,Thu Aug 13 2026 08:53:23 GMT+0000 (Coordinated Universal Time)
annotator_01,annotator,987,不顾清政府和英，然后,,nonpoem,news,,false,,Thu Aug 13 2026 08:53:24 GMT+0000 (Coordinated Universal Time)
annotator_01,annotator,525,无题,,nonpoem,social,,false,,Thu Aug 13 2026 08:53:26 GMT+0000 (Coordinated Universal Time)
annotator_01,annotator,110119,无题,,nonpoem,news,,false,,Thu Aug 13 2026 08:53:27 GMT+0000 (Coordinated Universal Time)
annotator_01,annotator,204,诔词 (1),徐志摩,poem,modern,,true,,Thu Aug 13 2026 08:53:28 GMT+0000 (Coordinated Universal Time)
annotator_01,annotator,809,无题,,nonpoem,news,,false,,Thu Aug 13 2026 08:53:28 GMT+0000 (Coordinated Universal Time)
annotator_01,annotator,109872,在深夜的左侧,LiBai,poem,ai,,true,,Thu Aug 13 2026 08:53:29 GMT+0000 (Coordinated Universal Time)
annotator_01,annotator,321,嵩山石淙侍宴应制,苏味道,poem,classic,,true,,Thu Aug 13 2026 08:53:30 GMT+0000 (Coordinated Universal Time)
annotator_01,annotator,10,回归,顾城,poem,modern,,true,,Thu Aug 13 2026 08:53:30 GMT+0000 (Coordinated Universal Time)
annotator_01,annotator,110129,聊聊记者熊焱,,nonpoem,news,,false,,Thu Aug 13 2026 08:53:31 GMT+0000 (Coordinated Universal Time)
annotator_01,annotator,499,怀吴中冯秀才 (1),杜牧,poem,classic,,true,,Thu Aug 13 2026 08:53:31 GMT+0000 (Coordinated Universal Time)
annotator_01,annotator,141,猫的终结,张枣,poem,modern,,true,,Thu Aug 13 2026 08:53:32 GMT+0000 (Coordinated Universal Time)
annotator_01,annotator,110036,我眼中的通知规定,,nonpoem,news,,false,,Thu Aug 13 2026 08:53:33 GMT+0000 (Coordinated Universal Time)
annotator_01,annotator,8,幻想与梦,顾城,poem,modern,,true,,Thu Aug 13 2026 08:53:33 GMT+0000 (Coordinated Universal Time)
annotator_01,annotator,101,四行诗,海子,poem,modern,,false,,Thu Aug 13 2026 08:53:34 GMT+0000 (Coordinated Universal Time)
annotator_01,annotator,64,黑翅膀,海子,poem,modern,,true,,Thu Aug 13 2026 08:53:35 GMT+0000 (Coordinated Universal Time)
annotator_01,annotator,109982,无题,,nonpoem,news,,false,,Thu Aug 13 2026 08:53:35 GMT+0000 (Coordinated Universal Time)
annotator_01,annotator,26,有时,顾城,poem,modern,,true,,Thu Aug 13 2026 08:53:36 GMT+0000 (Coordinated Universal Time)
annotator_01,annotator,900,关于昨日,,nonpoem,news,,false,,Thu Aug 13 2026 08:53:37 GMT+0000 (Coordinated Universal Time)
annotator_01,annotator,792,无题,,nonpoem,news,,true,,Thu Aug 13 2026 08:53:37 GMT+0000 (Coordinated Universal Time)
annotator_01,annotator,109831,冬天,LiBai,poem,ai,,true,,Thu Aug 13 2026 08:53:38 GMT+0000 (Coordinated Universal Time)
annotator_01,annotator,647,关于现代诗,,nonpoem,social,,false,,Thu Aug 13 2026 08:53:39 GMT+0000 (Coordinated Universal Time)
annotator_01,annotator,109889,秋望,LiBai,poem,ai,,true,,Thu Aug 13 2026 08:53:40 GMT+0000 (Coordinated Universal Time)
annotator_01,annotator,171,哀歌,张枣,poem,modern,,true,,Thu Aug 13 2026 08:53:41 GMT+0000 (Coordinated Universal Time)
annotator_01,annotator,543,聊聊刻意,,nonpoem,social,,false,,Thu Aug 13 2026 08:53:41 GMT+0000 (Coordinated Universal Time)
annotator_01,annotator,109924,分别的海,LiBai,poem,ai,,true,,Thu Aug 13 2026 08:53:42 GMT+0000 (Coordinated Universal Time)
annotator_01,annotator,822,神秘天使逃走的一点思考,,nonpoem,news,,true,,Thu Aug 13 2026 08:53:42 GMT+0000 (Coordinated Universal Time)
annotator_01,annotator,964,无题,,nonpoem,news,,false,,Thu Aug 13 2026 08:53:43 GMT+0000 (Coordinated Universal Time)
annotator_01,annotator,243,客中,徐志摩,poem,modern,,true,,Thu Aug 13 2026 08:53:44 GMT+0000 (Coordinated Universal Time)
annotator_01,annotator,109969,暴雪一直保持沉默的一点思考,,nonpoem,news,,false,,Thu Aug 13 2026 08:53:44 GMT+0000 (Coordinated Universal Time)
annotator_01,annotator,280,游丰乐招提佛光三寺,白居易,poem,classic,,true,,Thu Aug 13 2026 08:53:45 GMT+0000 (Coordinated Universal Time)
annotator_01,annotator,109873,在大风暴来临的时候,LiBai,poem,ai,,true,,Thu Aug 13 2026 08:53:45 GMT+0000 (Coordinated Universal Time)
annotator_01,annotator,592,聊聊也许是我记错了,,nonpoem,social,,true,,Thu Aug 13 2026 08:53:45 GMT+0000 (Coordinated Universal Time)
annotator_01,annotator,109876,草原上,LiBai,poem,ai,,true,,Thu Aug 13 2026 08:53:47 GMT+0000 (Coordinated Universal Time)
annotator_01,annotator,149,楚王梦雨,张枣,poem,modern,,true,,Thu Aug 13 2026 08:53:48 GMT+0000 (Coordinated Universal Time)
annotator_01,annotator,109966,这令此前市的一点思考,,nonpoem,news,,false,,Thu Aug 13 2026 08:53:49 GMT+0000 (Coordinated Universal Time)
annotator_01,annotator,186,吴刚的怨诉,张枣,poem,modern,,true,,Thu Aug 13 2026 08:53:50 GMT+0000 (Coordinated Universal Time)
annotator_01,annotator,786,聊聊存贷款利率的通知,,nonpoem,news,,false,,Thu Aug 13 2026 08:53:51 GMT+0000 (Coordinated Universal Time)
annotator_01,annotator,110143,我眼中的可以用生命担保,,nonpoem,news,,false,,Thu Aug 13 2026 08:53:51 GMT+0000 (Coordinated Universal Time)
annotator_01,annotator,110128,今天的绝对时尚的同时还,,nonpoem,news,,false,,Thu Aug 13 2026 08:53:53 GMT+0000 (Coordinated Universal Time)
annotator_01,annotator,146,中国凉亭,张枣,poem,modern,,true,,Thu Aug 13 2026 08:53:54 GMT+0000 (Coordinated Universal Time)
annotator_01,annotator,109854,不要说了，我不会屈服,LiBai,poem,ai,,true,,Thu Aug 13 2026 08:53:55 GMT+0000 (Coordinated Universal Time)
annotator_01,annotator,580,所见·生息相通,,nonpoem,social,,true,,Thu Aug 13 2026 08:53:57 GMT+0000 (Coordinated Universal Time)
annotator_01,annotator,109968,今天的都是这样,,nonpoem,news,,false,,Thu Aug 13 2026 08:53:57 GMT+0000 (Coordinated Universal Time)
annotator_01,annotator,109879,感动,LiBai,poem,ai,,true,,Thu Aug 13 2026 08:53:58 GMT+0000 (Coordinated Universal Time)
annotator_01,annotator,110019,无题,,nonpoem,news,,false,,Thu Aug 13 2026 08:54:00 GMT+0000 (Coordinated Universal Time)
annotator_01,annotator,560,今天的今年不参加那两档,,nonpoem,social,,false,,Thu Aug 13 2026 08:54:01 GMT+0000 (Coordinated Universal Time)
annotator_01,annotator,109794,盲目,LiBai,poem,ai,,true,,Thu Aug 13 2026 08:54:02 GMT+0000 (Coordinated Universal Time)
annotator_01,annotator,109987,并于的一点思考,,nonpoem,news,,false,,Thu Aug 13 2026 08:54:04 GMT+0000 (Coordinated Universal Time)
annotator_01,annotator,34,浅色的影子,顾城,poem,modern,,true,,Thu Aug 13 2026 08:54:04 GMT+0000 (Coordinated Universal Time)
annotator_01,annotator,109776,泡影,LiBai,poem,ai,,true,,Thu Aug 13 2026 08:54:05 GMT+0000 (Coordinated Universal Time)
annotator_01,annotator,147,白日六章,张枣,poem,modern,,false,,Thu Aug 13 2026 08:54:05 GMT+0000 (Coordinated Universal Time)
annotator_01,annotator,110120,关于糟蹋,,nonpoem,news,,false,,Thu Aug 13 2026 08:54:06 GMT+0000 (Coordinated Universal Time)
annotator_01,annotator,711,关于有点焦虑想转专业,,nonpoem,social,,false,,Thu Aug 13 2026 08:54:07 GMT+0000 (Coordinated Universal Time)
annotator_01,annotator,875,今天的能出,,nonpoem,news,,false,,Thu Aug 13 2026 08:54:08 GMT+0000 (Coordinated Universal Time)
annotator_01,annotator,109896,怀念,LiBai,poem,ai,,false,,Thu Aug 13 2026 08:54:08 GMT+0000 (Coordinated Universal Time)
annotator_01,annotator,657,无题,,nonpoem,social,,false,,Thu Aug 13 2026 08:54:09 GMT+0000 (Coordinated Universal Time)
annotator_01,annotator,110146,无题,,nonpoem,news,,false,,Thu Aug 13 2026 08:54:10 GMT+0000 (Coordinated Universal Time)
annotator_01,annotator,48,我的一个春天,顾城,poem,modern,,true,,Thu Aug 13 2026 08:54:10 GMT+0000 (Coordinated Universal Time)
annotator_01,annotator,728,我眼中的一边是,,nonpoem,social,,false,,Thu Aug 13 2026 08:54:11 GMT+0000 (Coordinated Universal Time)
annotator_01,annotator,4,小贩,顾城,poem,modern,,true,,Thu Aug 13 2026 08:54:11 GMT+0000 (Coordinated Universal Time)
annotator_01,annotator,109801,酒杯,LiBai,poem,ai,,true,,Thu Aug 13 2026 08:54:12 GMT+0000 (Coordinated Universal Time)
annotator_01,annotator,109946,不是再见,LiBai,poem,ai,,true,,Thu Aug 13 2026 08:54:13 GMT+0000 (Coordinated Universal Time)
annotator_01,annotator,152,死亡的比喻,张枣,poem,modern,,true,,Thu Aug 13 2026 08:54:13 GMT+0000 (Coordinated Universal Time)
annotator_01,annotator,58,咏古诗哲十章,顾城,poem,modern,,true,,Thu Aug 13 2026 08:54:13 GMT+0000 (Coordinated Universal Time)
annotator_01,annotator,692,剑桥博后赚的，然后,,nonpoem,social,,false,,Thu Aug 13 2026 08:54:15 GMT+0000 (Coordinated Universal Time)
annotator_01,annotator,581,今天的地狱占星师,,nonpoem,social,,true,,Thu Aug 13 2026 08:54:15 GMT+0000 (Coordinated Universal Time)
annotator_01,annotator,110115,今天的还有葡式蛋塔咯,,nonpoem,news,,false,,Thu Aug 13 2026 08:54:15 GMT+0000 (Coordinated Universal Time)
annotator_01,annotator,359,登楼,杜甫,poem,classic,,true,,Thu Aug 13 2026 08:54:17 GMT+0000 (Coordinated Universal Time)
annotator_01,annotator,760,无限江湖状态，然后,,nonpoem,news,,false,,Thu Aug 13 2026 08:54:17 GMT+0000 (Coordinated Universal Time)
annotator_01,annotator,109957,无题,,nonpoem,news,,false,,Thu Aug 13 2026 08:54:18 GMT+0000 (Coordinated Universal Time)
annotator_01,annotator,121,草原之夜,海子,poem,modern,,true,,Thu Aug 13 2026 08:54:19 GMT+0000 (Coordinated Universal Time)
annotator_01,annotator,298,送赵都护赴安西,张九龄,poem,classic,,true,,Thu Aug 13 2026 08:54:19 GMT+0000 (Coordinated Universal Time)
annotator_01,annotator,110050,无题,,nonpoem,news,,false,,Thu Aug 13 2026 08:54:20 GMT+0000 (Coordinated Universal Time)
annotator_01,annotator,109956,无题,,nonpoem,news,,false,,Thu Aug 13 2026 08:54:22 GMT+0000 (Coordinated Universal Time)
annotator_01,annotator,539,无题,,nonpoem,social,,false,,Thu Aug 13 2026 08:54:22 GMT+0000 (Coordinated Universal Time)
annotator_01,annotator,37,遥寄,顾城,poem,modern,,true,,Thu Aug 13 2026 08:54:22 GMT+0000 (Coordinated Universal Time)
annotator_01,annotator,110104,我眼中的记者走进一户家中,,nonpoem,news,,false,,Thu Aug 13 2026 08:54:23 GMT+0000 (Coordinated Universal Time)
annotator_01,annotator,742,今天的文科生也能跑的,,nonpoem,social,,false,,Thu Aug 13 2026 08:54:25 GMT+0000 (Coordinated Universal Time)
annotator_01,annotator,109996,缓和这场信心危机的一点思考,,nonpoem,news,,false,,Thu Aug 13 2026 08:54:25 GMT+0000 (Coordinated Universal Time)
annotator_01,annotator,136,祖父,张枣,poem,modern,,true,,Thu Aug 13 2026 08:54:27 GMT+0000 (Coordinated Universal Time)
annotator_01,annotator,110114,关于辉瑞公司雇请了上,,nonpoem,news,,false,,Thu Aug 13 2026 08:54:27 GMT+0000 (Coordinated Universal Time)
annotator_01,annotator,63,房屋,海子,poem,modern,,true,,Thu Aug 13 2026 08:54:28 GMT+0000 (Coordinated Universal Time)
annotator_01,annotator,122,泪水,海子,poem,modern,,true,,Thu Aug 13 2026 08:54:29 GMT+0000 (Coordinated Universal Time)
annotator_01,annotator,206,夏日田间即景（近沙士顿）,徐志摩,poem,modern,,true,,Thu Aug 13 2026 08:54:29 GMT+0000 (Coordinated Universal Time)
annotator_01,annotator,109809,天鹅,LiBai,poem,ai,,true,,Thu Aug 13 2026 08:54:29 GMT+0000 (Coordinated Universal Time)
annotator_01,annotator,109892,小树,LiBai,poem,ai,,true,,Thu Aug 13 2026 08:54:31 GMT+0000 (Coordinated Universal Time)
annotator_01,annotator,750,所见·拯救卤味计划,,nonpoem,social,,false,,Thu Aug 13 2026 08:54:32 GMT+0000 (Coordinated Universal Time)
annotator_01,annotator,109975,今天的导语,,nonpoem,news,,false,,Thu Aug 13 2026 08:54:33 GMT+0000 (Coordinated Universal Time)
annotator_01,annotator,385,兵车行,杜甫,poem,classic,,true,,Thu Aug 13 2026 08:54:33 GMT+0000 (Coordinated Universal Time)
annotator_01,annotator,587,聊聊选择适合你的机构,,nonpoem,social,,false,,Thu Aug 13 2026 08:54:34 GMT+0000 (Coordinated Universal Time)
annotator_01,annotator,110098,才能够入市交易的一点思考,,nonpoem,news,,false,,Thu Aug 13 2026 08:54:34 GMT+0000 (Coordinated Universal Time)
annotator_01,annotator,701,我眼中的地狱占星师,,nonpoem,social,,false,,Thu Aug 13 2026 08:54:35 GMT+0000 (Coordinated Universal Time)
annotator_01,annotator,547,无题,,nonpoem,social,,false,,Thu Aug 13 2026 08:54:36 GMT+0000 (Coordinated Universal Time)
annotator_01,annotator,109958,所见·认为她把角色的疯,,nonpoem,news,,false,,Thu Aug 13 2026 08:54:36 GMT+0000 (Coordinated Universal Time)
annotator_01,annotator,616,今天的这一碗是个啥,,nonpoem,social,,false,,Thu Aug 13 2026 08:54:36 GMT+0000 (Coordinated Universal Time)
annotator_01,annotator,109760,酒杯：情诗一束,LiBai,poem,ai,,true,,Thu Aug 13 2026 08:54:38 GMT+0000 (Coordinated Universal Time)
annotator_01,annotator,226,多谢天！我的心又一度的跳荡,徐志摩,poem,modern,,true,,Thu Aug 13 2026 08:54:38 GMT+0000 (Coordinated Universal Time)
annotator_01,annotator,472,汴河阻冻 (1),杜牧,poem,classic,,false,,Thu Aug 13 2026 08:54:39 GMT+0000 (Coordinated Universal Time)
annotator_01,annotator,174,第二个回合,张枣,poem,modern,,true,,Thu Aug 13 2026 08:54:40 GMT+0000 (Coordinated Universal Time)
annotator_01,annotator,110015,我眼中的它带着与生俱来的,,nonpoem,news,,false,,Thu Aug 13 2026 08:54:41 GMT+0000 (Coordinated Universal Time)
annotator_01,annotator,833,关于编辑点评,,nonpoem,news,,false,,Thu Aug 13 2026 08:54:41 GMT+0000 (Coordinated Universal Time)
annotator_01,annotator,117,打钟,海子,poem,modern,,true,,Thu Aug 13 2026 08:54:42 GMT+0000 (Coordinated Universal Time)
annotator_01,annotator,109962,我眼中的年近七旬的国,,nonpoem,news,,false,,Thu Aug 13 2026 08:54:43 GMT+0000 (Coordinated Universal Time)
annotator_01,annotator,109806,早发的种子,LiBai,poem,ai,,true,,Thu Aug 13 2026 08:54:45 GMT+0000 (Coordinated Universal Time)
annotator_01,annotator,954,我眼中的但是,,nonpoem,news,,true,,Thu Aug 13 2026 08:54:45 GMT+0000 (Coordinated Universal Time)
annotator_01,annotator,109772,安慰,LiBai,poem,ai,,true,,Thu Aug 13 2026 08:54:46 GMT+0000 (Coordinated Universal Time)
annotator_01,annotator,816,我眼中的对欧元形成的阻力,,nonpoem,news,,false,,Thu Aug 13 2026 08:54:47 GMT+0000 (Coordinated Universal Time)
annotator_01,annotator,110009,无题,,nonpoem,news,,false,,Thu Aug 13 2026 08:54:48 GMT+0000 (Coordinated Universal Time)
annotator_01,annotator,202,沙士顿重游随笔,徐志摩,poem,modern,,false,,Thu Aug 13 2026 08:54:48 GMT+0000 (Coordinated Universal Time)
annotator_01,annotator,565,今天的高中生开源不到,,nonpoem,social,,false,,Thu Aug 13 2026 08:54:49 GMT+0000 (Coordinated Universal Time)
annotator_01,annotator,109818,星岛的夜,LiBai,poem,ai,,true,,Thu Aug 13 2026 08:54:49 GMT+0000 (Coordinated Universal Time)
annotator_01,annotator,109838,安慰,LiBai,poem,ai,,true,,Thu Aug 13 2026 08:54:51 GMT+0000 (Coordinated Universal Time)
annotator_01,annotator,937,我眼中的一个高挑女,,nonpoem,news,,true,,Thu Aug 13 2026 08:54:51 GMT+0000 (Coordinated Universal Time)
annotator_01,annotator,962,无题,,nonpoem,news,,true,,Thu Aug 13 2026 08:54:51 GMT+0000 (Coordinated Universal Time)
annotator_01,annotator,110093,我眼中的发掘显示,,nonpoem,news,,false,,Thu Aug 13 2026 08:54:52 GMT+0000 (Coordinated Universal Time)
annotator_01,annotator,56,懂事年龄,顾城,poem,modern,,true,,Thu Aug 13 2026 08:54:54 GMT+0000 (Coordinated Universal Time)
annotator_01,annotator,109914,设计重逢,LiBai,poem,ai,,true,,Thu Aug 13 2026 08:54:54 GMT+0000 (Coordinated Universal Time)
annotator_01,annotator,526,无题,,nonpoem,social,,false,,Thu Aug 13 2026 08:54:55 GMT+0000 (Coordinated Universal Time)
annotator_01,annotator,110094,除他之外的一点思考,,nonpoem,news,,false,,Thu Aug 13 2026 08:54:55 GMT+0000 (Coordinated Universal Time)
annotator_01,annotator,110048,无题,,nonpoem,news,,false,,Thu Aug 13 2026 08:54:56 GMT+0000 (Coordinated Universal Time)
annotator_01,annotator,99,跳伞塔,海子,poem,modern,,true,,Thu Aug 13 2026 08:54:57 GMT+0000 (Coordinated Universal Time)
annotator_01,annotator,660,无题,,nonpoem,social,,false,,Thu Aug 13 2026 08:54:58 GMT+0000 (Coordinated Universal Time)
annotator_01,annotator,109944,回家,LiBai,poem,ai,,true,,Thu Aug 13 2026 08:54:58 GMT+0000 (Coordinated Universal Time)
annotator_01,annotator,533,中国债市入门的一点思考,,nonpoem,social,,false,,Thu Aug 13 2026 08:54:59 GMT+0000 (Coordinated Universal Time)
annotator_01,annotator,110008,无题,,nonpoem,news,,false,,Thu Aug 13 2026 08:54:59 GMT+0000 (Coordinated Universal Time)
annotator_01,annotator,55,两组灵魂的和声,顾城,poem,modern,,true,,Thu Aug 13 2026 08:55:00 GMT+0000 (Coordinated Universal Time)
annotator_01,annotator,741,无题,,nonpoem,social,,false,,Thu Aug 13 2026 08:55:00 GMT+0000 (Coordinated Universal Time)
annotator_01,annotator,109898,门前,LiBai,poem,ai,,true,,Thu Aug 13 2026 08:55:00 GMT+0000 (Coordinated Universal Time)
annotator_01,annotator,36,永别了，墓地,顾城,poem,modern,,true,,Thu Aug 13 2026 08:55:02 GMT+0000 (Coordinated Universal Time)
annotator_01,annotator,110014,如果上的一点思考,,nonpoem,news,,false,,Thu Aug 13 2026 08:55:02 GMT+0000 (Coordinated Universal Time)
annotator_01,annotator,201,一颗明星似的眼泪——集外,徐志摩,poem,modern,,false,,Thu Aug 13 2026 08:55:03 GMT+0000 (Coordinated Universal Time)
annotator_01,annotator,110000,岛上的所有冰川的的一点思考,,nonpoem,news,,false,,Thu Aug 13 2026 08:55:03 GMT+0000 (Coordinated Universal Time)
annotator_01,annotator,24,叽叽喳喳的寂静,顾城,poem,modern,,true,,Thu Aug 13 2026 08:55:04 GMT+0000 (Coordinated Universal Time)
annotator_01,annotator,109807,十四行：玫瑰花,LiBai,poem,ai,,true,,Thu Aug 13 2026 08:55:05 GMT+0000 (Coordinated Universal Time)
annotator_01,annotator,899,该如何与学校进行的一点思考,,nonpoem,news,,false,,Thu Aug 13 2026 08:55:06 GMT+0000 (Coordinated Universal Time)
annotator_01,annotator,110029,关于年龄民众争相学习,,nonpoem,news,,false,,Thu Aug 13 2026 08:55:07 GMT+0000 (Coordinated Universal Time)
annotator_01,annotator,942,关于即便,,nonpoem,news,,false,,Thu Aug 13 2026 08:55:07 GMT+0000 (Coordinated Universal Time)
annotator_01,annotator,748,今天的可以来问我看看,,nonpoem,social,,false,,Thu Aug 13 2026 08:55:08 GMT+0000 (Coordinated Universal Time)
annotator_01,annotator,761,无题,,nonpoem,news,,false,,Thu Aug 13 2026 08:55:09 GMT+0000 (Coordinated Universal Time)
annotator_01,annotator,109856,梭罗这人有脑子,LiBai,poem,ai,,false,,Thu Aug 13 2026 08:55:10 GMT+0000 (Coordinated Universal Time)
annotator_01,annotator,104,遥远的路程,海子,poem,modern,,true,,Thu Aug 13 2026 08:55:10 GMT+0000 (Coordinated Universal Time)
annotator_01,annotator,109908,星月的来由,LiBai,poem,ai,,true,,Thu Aug 13 2026 08:55:11 GMT+0000 (Coordinated Universal Time)
annotator_01,annotator,68,野鸽子,海子,poem,modern,,true,,Thu Aug 13 2026 08:55:12 GMT+0000 (Coordinated Universal Time)
annotator_01,annotator,110034,无题,,nonpoem,news,,false,,Thu Aug 13 2026 08:55:13 GMT+0000 (Coordinated Universal Time)
annotator_01,annotator,101,四行诗,海子,poem,modern,,true,,Thu Aug 13 2026 08:55:13 GMT+0000 (Coordinated Universal Time)
annotator_01,annotator,836,无题,,nonpoem,news,,false,,Thu Aug 13 2026 08:55:14 GMT+0000 (Coordinated Universal Time)
annotator_01,annotator,110138,关于新华网快讯,,nonpoem,news,,false,,Thu Aug 13 2026 08:55:14 GMT+0000 (Coordinated Universal Time)
annotator_01,annotator,13,我是一座小城（歌词）,顾城,poem,modern,,true,,Thu Aug 13 2026 08:55:15 GMT+0000 (Coordinated Universal Time)
annotator_01,annotator,109891,老人,LiBai,poem,ai,,false,,Thu Aug 13 2026 08:55:16 GMT+0000 (Coordinated Universal Time)
annotator_01,annotator,111,肉体（之一）,海子,poem,modern,,true,,Thu Aug 13 2026 08:55:16 GMT+0000 (Coordinated Universal Time)
annotator_01,annotator,669,无题,,nonpoem,social,,false,,Thu Aug 13 2026 08:55:16 GMT+0000 (Coordinated Universal Time)
annotator_01,annotator,109800,小树,LiBai,poem,ai,,true,,Thu Aug 13 2026 08:55:17 GMT+0000 (Coordinated Universal Time)
annotator_01,annotator,152,死亡的比喻,张枣,poem,modern,,true,,Thu Aug 13 2026 08:55:17 GMT+0000 (Coordinated Universal Time)
annotator_01,annotator,110106,无题,,nonpoem,news,,false,,Thu Aug 13 2026 08:55:18 GMT+0000 (Coordinated Universal Time)
annotator_01,annotator,901,无题,,nonpoem,news,,false,,Thu Aug 13 2026 08:55:19 GMT+0000 (Coordinated Universal Time)
annotator_01,annotator,109851,草原之夜,LiBai,poem,ai,,true,,Thu Aug 13 2026 08:55:20 GMT+0000 (Coordinated Universal Time)
annotator_01,annotator,109871,墓床,LiBai,poem,ai,,true,,Thu Aug 13 2026 08:55:21 GMT+0000 (Coordinated Universal Time)
annotator_01,annotator,183,梁山伯与祝英台,张枣,poem,modern,,true,,Thu Aug 13 2026 08:55:22 GMT+0000 (Coordinated Universal Time)
annotator_01,annotator,106,秋日黄昏,海子,poem,modern,,true,,Thu Aug 13 2026 08:55:23 GMT+0000 (Coordinated Universal Time)
annotator_01,annotator,110075,他说，然后,,nonpoem,news,,false,,Thu Aug 13 2026 08:55:23 GMT+0000 (Coordinated Universal Time)
annotator_01,annotator,672,聊聊好幸福,,nonpoem,social,,true,,Thu Aug 13 2026 08:55:24 GMT+0000 (Coordinated Universal Time)
annotator_01,annotator,75,在昌平的孤独,海子,poem,modern,,true,,Thu Aug 13 2026 08:55:24 GMT+0000 (Coordinated Universal Time)
annotator_01,annotator,109901,门前,LiBai,poem,ai,,true,,Thu Aug 13 2026 08:55:25 GMT+0000 (Coordinated Universal Time)
annotator_01,annotator,642,我眼中的怎么下,,nonpoem,social,,false,,Thu Aug 13 2026 08:55:26 GMT+0000 (Coordinated Universal Time)
annotator_01,annotator,109858,大自然,LiBai,poem,ai,,true,,Thu Aug 13 2026 08:55:26 GMT+0000 (Coordinated Universal Time)
annotator_01,annotator,110107,所见·首脑信心何来支撑,,nonpoem,news,,false,,Thu Aug 13 2026 08:55:27 GMT+0000 (Coordinated Universal Time)
annotator_01,annotator,241,秋阳,徐志摩,poem,modern,,false,,Thu Aug 13 2026 08:55:28 GMT+0000 (Coordinated Universal Time)
annotator_01,annotator,109781,我把刀给你们,LiBai,poem,ai,,true,,Thu Aug 13 2026 08:55:30 GMT+0000 (Coordinated Universal Time)
annotator_01,annotator,664,聊聊怎么下,,nonpoem,social,,false,,Thu Aug 13 2026 08:55:30 GMT+0000 (Coordinated Universal Time)
annotator_01,annotator,110101,他将同阿卜的一点思考,,nonpoem,news,,false,,Thu Aug 13 2026 08:55:31 GMT+0000 (Coordinated Universal Time)
annotator_01,annotator,557,无题,,nonpoem,social,,false,,Thu Aug 13 2026 08:55:32 GMT+0000 (Coordinated Universal Time)
annotator_01,annotator,704,关于童模,,nonpoem,social,,false,,Thu Aug 13 2026 08:55:32 GMT+0000 (Coordinated Universal Time)
annotator_01,annotator,109808,风的梦,LiBai,poem,ai,,true,,Thu Aug 13 2026 08:55:32 GMT+0000 (Coordinated Universal Time)
annotator_01,annotator,648,关于我很讨厌现代诗,,nonpoem,social,,false,,Thu Aug 13 2026 08:55:33 GMT+0000 (Coordinated Universal Time)
annotator_01,annotator,109932,一代人,LiBai,poem,ai,,true,,Thu Aug 13 2026 08:55:34 GMT+0000 (Coordinated Universal Time)
annotator_01,annotator,296,题树下禅师,于鹄,poem,classic,,true,,Thu Aug 13 2026 08:55:34 GMT+0000 (Coordinated Universal Time)
annotator_01,annotator,920,无题,,nonpoem,news,,false,,Thu Aug 13 2026 08:55:34 GMT+0000 (Coordinated Universal Time)
annotator_01,annotator,110055,聊聊的政策决定,,nonpoem,news,,false,,Thu Aug 13 2026 08:55:35 GMT+0000 (Coordinated Universal Time)
annotator_01,annotator,777,今天的如今,,nonpoem,news,,false,,Thu Aug 13 2026 08:55:35 GMT+0000 (Coordinated Universal Time)
annotator_01,annotator,110110,无题,,nonpoem,news,,false,,Thu Aug 13 2026 08:55:36 GMT+0000 (Coordinated Universal Time)
annotator_01,annotator,110091,无题,,nonpoem,news,,false,,Thu Aug 13 2026 08:55:37 GMT+0000 (Coordinated Universal Time)
annotator_01,annotator,403,听董大弹胡笳声兼,李颀,poem,classic,,true,,Thu Aug 13 2026 08:55:37 GMT+0000 (Coordinated Universal Time)
annotator_01,annotator,198,西窗,徐志摩,poem,modern,,false,,Thu Aug 13 2026 08:55:38 GMT+0000 (Coordinated Universal Time)
annotator_01,annotator,109997,关于法国,,nonpoem,news,,false,,Thu Aug 13 2026 08:55:38 GMT+0000 (Coordinated Universal Time)
annotator_01,annotator,417,长信怨,王昌龄,poem,classic,,true,,Thu Aug 13 2026 08:55:39 GMT+0000 (Coordinated Universal Time)
annotator_01,annotator,30,分别的海,顾城,poem,modern,,true,,Thu Aug 13 2026 08:55:40 GMT+0000 (Coordinated Universal Time)
annotator_01,annotator,109954,关于我们刚一起来时常,,nonpoem,news,,false,,Thu Aug 13 2026 08:55:40 GMT+0000 (Coordinated Universal Time)
annotator_01,annotator,110052,无题,,nonpoem,news,,false,,Thu Aug 13 2026 08:55:41 GMT+0000 (Coordinated Universal Time)
annotator_01,annotator,552,无题,,nonpoem,social,,false,,Thu Aug 13 2026 08:55:41 GMT+0000 (Coordinated Universal Time)
annotator_01,annotator,893,关于胡占凡,,nonpoem,news,,false,,Thu Aug 13 2026 08:55:42 GMT+0000 (Coordinated Universal Time)
annotator_01,annotator,110137,无题,,nonpoem,news,,false,,Thu Aug 13 2026 08:55:42 GMT+0000 (Coordinated Universal Time)
annotator_01,annotator,818,Live，然后,,nonpoem,news,,false,,Thu Aug 13 2026 08:55:42 GMT+0000 (Coordinated Universal Time)
annotator_01,annotator,109951,自然,LiBai,poem,ai,,true,,Thu Aug 13 2026 08:55:43 GMT+0000 (Coordinated Universal Time)
annotator_01,annotator,165,红叶,张枣,poem,modern,,true,,Thu Aug 13 2026 08:55:44 GMT+0000 (Coordinated Universal Time)
annotator_01,annotator,109865,找寻,LiBai,poem,ai,,true,,Thu Aug 13 2026 08:55:45 GMT+0000 (Coordinated Universal Time)
annotator_01,annotator,109779,二 歌乐山的云很凉,LiBai,poem,ai,,true,,Thu Aug 13 2026 08:55:46 GMT+0000 (Coordinated Universal Time)
annotator_01,annotator,195,难得,徐志摩,poem,modern,,true,,Thu Aug 13 2026 08:55:46 GMT+0000 (Coordinated Universal Time)
annotator_01,annotator,109774,给B的生日,LiBai,poem,ai,,true,,Thu Aug 13 2026 08:55:47 GMT+0000 (Coordinated Universal Time)
annotator_01,annotator,591,无题,,nonpoem,social,,false,,Thu Aug 13 2026 08:55:47 GMT+0000 (Coordinated Universal Time)
annotator_01,annotator,73,抱着白虎走过海洋,海子,poem,modern,,true,,Thu Aug 13 2026 08:55:47 GMT+0000 (Coordinated Universal Time)
annotator_01,annotator,110070,无题,,nonpoem,news,,false,,Thu Aug 13 2026 08:55:48 GMT+0000 (Coordinated Universal Time)
annotator_01,annotator,109763,星岛的夜,LiBai,poem,ai,,true,,Thu Aug 13 2026 08:55:49 GMT+0000 (Coordinated Universal Time)
annotator_01,annotator,571,今天的高中生开源不到,,nonpoem,social,,false,,Thu Aug 13 2026 08:55:49 GMT+0000 (Coordinated Universal Time)
annotator_01,annotator,110056,无题,,nonpoem,news,,false,,Thu Aug 13 2026 08:55:50 GMT+0000 (Coordinated Universal Time)
annotator_01,annotator,109945,肉体（之二）,LiBai,poem,ai,,false,,Thu Aug 13 2026 08:55:51 GMT+0000 (Coordinated Universal Time)
annotator_01,annotator,132,让我指给你看那毁灭的痕迹,张枣,poem,modern,,true,,Thu Aug 13 2026 08:55:51 GMT+0000 (Coordinated Universal Time)
annotator_01,annotator,109916,泡影,LiBai,poem,ai,,true,,Thu Aug 13 2026 08:55:52 GMT+0000 (Coordinated Universal Time)
annotator_01,annotator,343,赠常侍御,李白,poem,classic,,true,,Thu Aug 13 2026 08:55:53 GMT+0000 (Coordinated Universal Time)
annotator_01,annotator,109870,我们只有夜晚,LiBai,poem,ai,,true,,Thu Aug 13 2026 08:55:54 GMT+0000 (Coordinated Universal Time)
annotator_01,annotator,352,送灵澈,刘长卿,poem,classic,,true,,Thu Aug 13 2026 08:55:55 GMT+0000 (Coordinated Universal Time)
annotator_01,annotator,109886,幸福的一日 致秋天的花楸树,LiBai,poem,ai,,true,,Thu Aug 13 2026 08:55:55 GMT+0000 (Coordinated Universal Time)
annotator_01,annotator,109786,来源,LiBai,poem,ai,,true,,Thu Aug 13 2026 08:55:56 GMT+0000 (Coordinated Universal Time)
annotator_01,annotator,790,明珠三国的一点思考,,nonpoem,news,,true,,Thu Aug 13 2026 08:55:57 GMT+0000 (Coordinated Universal Time)
annotator_01,annotator,109979,聊聊乌尔善还称,,nonpoem,news,,true,,Thu Aug 13 2026 08:55:57 GMT+0000 (Coordinated Universal Time)
annotator_01,annotator,923,无题,,nonpoem,news,,false,,Thu Aug 13 2026 08:55:59 GMT+0000 (Coordinated Universal Time)
annotator_01,annotator,109790,秋望,LiBai,poem,ai,,true,,Thu Aug 13 2026 08:56:05 GMT+0000 (Coordinated Universal Time)
annotator_01,annotator,109767,别,LiBai,poem,ai,,true,,Thu Aug 13 2026 08:56:06 GMT+0000 (Coordinated Universal Time)
annotator_01,annotator,110103,所见·蛇魔王再临,,nonpoem,news,,false,,Thu Aug 13 2026 08:56:08 GMT+0000 (Coordinated Universal Time)
annotator_01,annotator,109977,Louis的一点思考,,nonpoem,news,,false,,Thu Aug 13 2026 08:56:09 GMT+0000 (Coordinated Universal Time)
annotator_01,annotator,944,聊聊焦点,,nonpoem,news,,false,,Thu Aug 13 2026 08:56:09 GMT+0000 (Coordinated Universal Time)
annotator_01,annotator,110099,今天的但这种联合干预很,,nonpoem,news,,false,,Thu Aug 13 2026 08:56:10 GMT+0000 (Coordinated Universal Time)
annotator_01,annotator,110108,无题,,nonpoem,news,,false,,Thu Aug 13 2026 08:56:11 GMT+0000 (Coordinated Universal Time)
annotator_01,annotator,110085,无题,,nonpoem,news,,false,,Thu Aug 13 2026 08:56:12 GMT+0000 (Coordinated Universal Time)
annotator_01,annotator,634,我眼中的李奇霖,,nonpoem,social,,false,,Thu Aug 13 2026 08:56:12 GMT+0000 (Coordinated Universal Time)
annotator_01,annotator,110096,今天的马斯克,,nonpoem,social,,false,,Thu Aug 13 2026 08:56:13 GMT+0000 (Coordinated Universal Time)
annotator_01,annotator,109860,冬天,LiBai,poem,ai,,true,,Thu Aug 13 2026 08:56:14 GMT+0000 (Coordinated Universal Time)
annotator_01,annotator,855,无题,,nonpoem,news,,false,,Thu Aug 13 2026 08:56:16 GMT+0000 (Coordinated Universal Time)
annotator_01,annotator,110028,关于指检察官,,nonpoem,news,,false,,Thu Aug 13 2026 08:56:17 GMT+0000 (Coordinated Universal Time)
annotator_01,annotator,174,第二个回合,张枣,poem,modern,,true,,Thu Aug 13 2026 08:56:18 GMT+0000 (Coordinated Universal Time)
annotator_01,annotator,109887,我把刀给你们,LiBai,poem,ai,,true,,Thu Aug 13 2026 08:56:19 GMT+0000 (Coordinated Universal Time)
annotator_01,annotator,109857,我把刀给你们,LiBai,poem,ai,,true,,Thu Aug 13 2026 08:56:20 GMT+0000 (Coordinated Universal Time)
annotator_01,annotator,904,无题,,nonpoem,news,,false,,Thu Aug 13 2026 08:56:20 GMT+0000 (Coordinated Universal Time)
annotator_01,annotator,660,无题,,nonpoem,social,,false,,Thu Aug 13 2026 08:56:22 GMT+0000 (Coordinated Universal Time)
annotator_01,annotator,109768,找寻,LiBai,poem,ai,,true,,Thu Aug 13 2026 08:56:23 GMT+0000 (Coordinated Universal Time)
annotator_01,annotator,109771,四 你们在高山中生活,LiBai,poem,ai,,true,,Thu Aug 13 2026 08:56:24 GMT+0000 (Coordinated Universal Time)
annotator_01,annotator,94,春天，十个海子,海子,poem,modern,,true,,Thu Aug 13 2026 08:56:25 GMT+0000 (Coordinated Universal Time)
annotator_01,annotator,109765,分布,LiBai,poem,ai,,true,,Thu Aug 13 2026 08:56:26 GMT+0000 (Coordinated Universal Time)
annotator_01,annotator,109821,郊外,LiBai,poem,ai,,true,,Thu Aug 13 2026 08:56:27 GMT+0000 (Coordinated Universal Time)
annotator_01,annotator,240,笑解烦恼结（送幼仪）,徐志摩,poem,modern,,true,,Thu Aug 13 2026 08:56:30 GMT+0000 (Coordinated Universal Time)
annotator_01,annotator,810,无题,,nonpoem,news,,false,,Thu Aug 13 2026 08:56:32 GMT+0000 (Coordinated Universal Time)
annotator_01,annotator,109899,小花的信念,LiBai,poem,ai,,false,,Thu Aug 13 2026 08:56:32 GMT+0000 (Coordinated Universal Time)
annotator_01,annotator,110006,所见·发组,,nonpoem,news,,false,,Thu Aug 13 2026 08:56:35 GMT+0000 (Coordinated Universal Time)
annotator_01,annotator,109964,米帅能够得到这次，然后,,nonpoem,news,,false,,Thu Aug 13 2026 08:56:37 GMT+0000 (Coordinated Universal Time)
annotator_01,annotator,17,路,顾城,poem,modern,,true,,Thu Aug 13 2026 08:56:37 GMT+0000 (Coordinated Universal Time)
annotator_01,annotator,109983,或许在不远的将来，然后,,nonpoem,news,,false,,Thu Aug 13 2026 08:56:38 GMT+0000 (Coordinated Universal Time)
annotator_01,annotator,839,关于tte,,nonpoem,news,,false,,Thu Aug 13 2026 08:56:38 GMT+0000 (Coordinated Universal Time)
annotator_01,annotator,110022,无题,,nonpoem,news,,false,,Thu Aug 13 2026 08:56:39 GMT+0000 (Coordinated Universal Time)
annotator_01,annotator,109783,雪人,LiBai,poem,ai,,true,,Thu Aug 13 2026 08:56:40 GMT+0000 (Coordinated Universal Time)
annotator_01,annotator,109919,无题,LiBai,poem,ai,,true,,Thu Aug 13 2026 08:56:42 GMT+0000 (Coordinated Universal Time)
annotator_01,annotator,109885,桃花时节,LiBai,poem,ai,,true,,Thu Aug 13 2026 08:56:44 GMT+0000 (Coordinated Universal Time)
annotator_01,annotator,466,新定途中 (1),杜牧,poem,classic,,true,,Thu Aug 13 2026 08:56:44 GMT+0000 (Coordinated Universal Time)
annotator_01,annotator,386,弹琴,刘长卿,poem,classic,,true,,Thu Aug 13 2026 08:56:46 GMT+0000 (Coordinated Universal Time)
annotator_01,annotator,109937,许多时间，像烟,LiBai,poem,ai,,true,,Thu Aug 13 2026 08:56:47 GMT+0000 (Coordinated Universal Time)
annotator_01,annotator,210,她是睡着了,徐志摩,poem,modern,,true,,Thu Aug 13 2026 08:56:49 GMT+0000 (Coordinated Universal Time)
annotator_01,annotator,626,无题,,nonpoem,social,,false,,Thu Aug 13 2026 08:56:51 GMT+0000 (Coordinated Universal Time)
annotator_01,annotator,158,诗篇,张枣,poem,modern,,true,,Thu Aug 13 2026 08:56:51 GMT+0000 (Coordinated Universal Time)
annotator_01,annotator,529,我眼中的获得博士学位后,,nonpoem,social,,false,,Thu Aug 13 2026 08:56:52 GMT+0000 (Coordinated Universal Time)
annotator_01,annotator,311,春秋战国门·宫之奇,周昙,poem,classic,,true,,Thu Aug 13 2026 08:56:52 GMT+0000 (Coordinated Universal Time)
annotator_01,annotator,541,今天的高中生喜欢的诗歌,,nonpoem,social,,false,,Thu Aug 13 2026 08:56:53 GMT+0000 (Coordinated Universal Time)
annotator_01,annotator,684,无题,,nonpoem,social,,false,,Thu Aug 13 2026 08:56:54 GMT+0000 (Coordinated Universal Time)
annotator_01,annotator,40,不要说了，我不会屈服,顾城,poem,modern,,false,,Thu Aug 13 2026 08:56:55 GMT+0000 (Coordinated Universal Time)
annotator_01,annotator,390,秋夜寄丘员外,韦应物,poem,classic,,true,,Thu Aug 13 2026 08:56:55 GMT+0000 (Coordinated Universal Time)
annotator_01,annotator,408,别房太尉墓,杜甫,poem,classic,,true,,Thu Aug 13 2026 08:56:57 GMT+0000 (Coordinated Universal Time)
annotator_01,annotator,102,黑夜的献诗,海子,poem,modern,,true,,Thu Aug 13 2026 08:56:57 GMT+0000 (Coordinated Universal Time)
annotator_01,annotator,70,梭罗这人有脑子,海子,poem,modern,,true,,Thu Aug 13 2026 08:56:59 GMT+0000 (Coordinated Universal Time)
annotator_01,annotator,726,关于地球在我屁股底下,,nonpoem,social,,false,,Thu Aug 13 2026 08:57:00 GMT+0000 (Coordinated Universal Time)
annotator_01,annotator,48,我的一个春天,顾城,poem,modern,,true,,Thu Aug 13 2026 08:57:02 GMT+0000 (Coordinated Universal Time)
annotator_01,annotator,978,无题,,nonpoem,news,,false,,Thu Aug 13 2026 08:57:03 GMT+0000 (Coordinated Universal Time)
annotator_01,annotator,331,中界山,张又新,poem,classic,,true,,Thu Aug 13 2026 08:57:03 GMT+0000 (Coordinated Universal Time)
annotator_01,annotator,851,我眼中的古剑奇谭,,nonpoem,news,,false,,Thu Aug 13 2026 08:57:04 GMT+0000 (Coordinated Universal Time)
annotator_01,annotator,816,我眼中的对欧元形成的阻力,,nonpoem,news,,false,,Thu Aug 13 2026 08:57:06 GMT+0000 (Coordinated Universal Time)
annotator_01,annotator,527,今天的时常感到痛苦,,nonpoem,social,,false,,Thu Aug 13 2026 08:57:06 GMT+0000 (Coordinated Universal Time)
annotator_01,annotator,223,西伯利亚,徐志摩,poem,modern,,true,,Thu Aug 13 2026 08:57:09 GMT+0000 (Coordinated Universal Time)
annotator_01,annotator,714,无题,,nonpoem,social,,false,,Thu Aug 13 2026 08:57:10 GMT+0000 (Coordinated Universal Time)
annotator_01,annotator,110133,西风烈，然后,,nonpoem,news,,false,,Thu Aug 13 2026 08:57:10 GMT+0000 (Coordinated Universal Time)
annotator_01,annotator,557,无题,,nonpoem,social,,false,,Thu Aug 13 2026 08:57:11 GMT+0000 (Coordinated Universal Time)
annotator_01,annotator,626,无题,,nonpoem,social,,false,,Thu Aug 13 2026 08:57:11 GMT+0000 (Coordinated Universal Time)
annotator_01,annotator,109761,拂晓,LiBai,poem,ai,,true,,Thu Aug 13 2026 08:57:12 GMT+0000 (Coordinated Universal Time)
annotator_01,annotator,269,初到江州寄翰林张、李、杜三学士,白居易,poem,classic,,true,,Thu Aug 13 2026 08:57:13 GMT+0000 (Coordinated Universal Time)
annotator_01,annotator,118,桃花时节,海子,poem,modern,,true,,Thu Aug 13 2026 08:57:14 GMT+0000 (Coordinated Universal Time)
annotator_01,annotator,168,刺客之歌,张枣,poem,modern,,true,,Thu Aug 13 2026 08:57:16 GMT+0000 (Coordinated Universal Time)
annotator_01,annotator,143,（一稿）,张枣,poem,modern,,true,,Thu Aug 13 2026 08:57:18 GMT+0000 (Coordinated Universal Time)
annotator_01,annotator,109927,水呀，真急,LiBai,poem,ai,,false,,Thu Aug 13 2026 08:57:20 GMT+0000 (Coordinated Universal Time)
annotator_01,annotator,941,无题,,nonpoem,news,,false,,Thu Aug 13 2026 08:57:20 GMT+0000 (Coordinated Universal Time)
annotator_01,annotator,290,读老子,白居易,poem,classic,,true,,Thu Aug 13 2026 08:57:22 GMT+0000 (Coordinated Universal Time)
annotator_01,annotator,819,所见·追踪被摄,,nonpoem,news,,false,,Thu Aug 13 2026 08:57:22 GMT+0000 (Coordinated Universal Time)
annotator_01,annotator,109,四姐妹,海子,poem,modern,,true,,Thu Aug 13 2026 08:57:23 GMT+0000 (Coordinated Universal Time)
annotator_01,annotator,68,野鸽子,海子,poem,modern,,true,,Thu Aug 13 2026 08:57:24 GMT+0000 (Coordinated Universal Time)
annotator_01,annotator,636,今天的同时,,nonpoem,social,,false,,Thu Aug 13 2026 08:57:25 GMT+0000 (Coordinated Universal Time)
annotator_01,annotator,109900,秋,LiBai,poem,ai,,true,,Thu Aug 13 2026 08:57:26 GMT+0000 (Coordinated Universal Time)
annotator_01,annotator,47,净土,顾城,poem,modern,,true,,Thu Aug 13 2026 08:57:26 GMT+0000 (Coordinated Universal Time)
annotator_01,annotator,109934,佛语,LiBai,poem,ai,,true,,Thu Aug 13 2026 08:57:27 GMT+0000 (Coordinated Universal Time)
annotator_01,annotator,847,无题,,nonpoem,news,,false,,Thu Aug 13 2026 08:57:27 GMT+0000 (Coordinated Universal Time)
annotator_01,annotator,724,今天的社科生vibe,,nonpoem,social,,false,,Thu Aug 13 2026 08:57:28 GMT+0000 (Coordinated Universal Time)
annotator_01,annotator,110122,现一个面目扭曲的，然后,,nonpoem,news,,false,,Thu Aug 13 2026 08:57:28 GMT+0000 (Coordinated Universal Time)
annotator_01,annotator,61,我会像青草一样呼吸,顾城,poem,modern,,true,,Thu Aug 13 2026 08:57:30 GMT+0000 (Coordinated Universal Time)
annotator_01,annotator,471,过田家宅 (1),杜牧,poem,classic,,true,,Thu Aug 13 2026 08:57:30 GMT+0000 (Coordinated Universal Time)
annotator_01,annotator,109915,祭,LiBai,poem,ai,,true,,Thu Aug 13 2026 08:57:31 GMT+0000 (Coordinated Universal Time)
annotator_01,annotator,173,悠悠,张枣,poem,modern,,true,,Thu Aug 13 2026 08:57:31 GMT+0000 (Coordinated Universal Time)
annotator_01,annotator,946,无题,,nonpoem,news,,true,,Thu Aug 13 2026 08:57:32 GMT+0000 (Coordinated Universal Time)
annotator_01,annotator,604,聊聊淘天AI,,nonpoem,social,,false,,Thu Aug 13 2026 08:57:32 GMT+0000 (Coordinated Universal Time)
annotator_01,annotator,109920,我是你的太阳,LiBai,poem,ai,,true,,Thu Aug 13 2026 08:57:34 GMT+0000 (Coordinated Universal Time)
annotator_01,annotator,9,南国之秋,顾城,poem,modern,,true,,Thu Aug 13 2026 08:57:34 GMT+0000 (Coordinated Universal Time)
annotator_01,annotator,765,无题,,nonpoem,news,,false,,Thu Aug 13 2026 08:57:35 GMT+0000 (Coordinated Universal Time)
annotator_01,annotator,41,我的心爱着世界,顾城,poem,modern,,true,,Thu Aug 13 2026 08:57:35 GMT+0000 (Coordinated Universal Time)
annotator_01,annotator,109978,无题,,nonpoem,social,,false,,Thu Aug 13 2026 08:57:36 GMT+0000 (Coordinated Universal Time)
annotator_01,annotator,907,聊聊荷兰水手埃贝尔,,nonpoem,news,,false,,Thu Aug 13 2026 08:57:37 GMT+0000 (Coordinated Universal Time)
annotator_01,annotator,109867,希望者：,LiBai,poem,ai,,true,,Thu Aug 13 2026 08:57:38 GMT+0000 (Coordinated Universal Time)
annotator_01,annotator,881,聊聊蔚少辉担任副主任,,nonpoem,news,,false,,Thu Aug 13 2026 08:57:38 GMT+0000 (Coordinated Universal Time)
annotator_01,annotator,858,无题,,nonpoem,news,,false,,Thu Aug 13 2026 08:57:38 GMT+0000 (Coordinated Universal Time)
annotator_01,annotator,698,今天的我的翻译是,,nonpoem,social,,false,,Thu Aug 13 2026 08:57:39 GMT+0000 (Coordinated Universal Time)
annotator_01,annotator,109825,黎明 一首小诗,LiBai,poem,ai,,true,,Thu Aug 13 2026 08:57:39 GMT+0000 (Coordinated Universal Time)
annotator_01,annotator,42,老人,顾城,poem,modern,,true,,Thu Aug 13 2026 08:57:41 GMT+0000 (Coordinated Universal Time)
annotator_01,annotator,110010,无题,,nonpoem,news,,false,,Thu Aug 13 2026 08:57:41 GMT+0000 (Coordinated Universal Time)
annotator_01,annotator,795,更是采用了一种的一点思考,,nonpoem,news,,false,,Thu Aug 13 2026 08:57:42 GMT+0000 (Coordinated Universal Time)
annotator_01,annotator,838,聊聊再度传讯吴景,,nonpoem,news,,true,,Thu Aug 13 2026 08:57:43 GMT+0000 (Coordinated Universal Time)
annotator_01,annotator,347,送李十一尉临溪,常建,poem,classic,,true,,Thu Aug 13 2026 08:57:43 GMT+0000 (Coordinated Universal Time)
annotator_01,annotator,927,无题,,nonpoem,news,,false,,Thu Aug 13 2026 08:57:44 GMT+0000 (Coordinated Universal Time)
annotator_01,annotator,154,此时此刻,张枣,poem,modern,,true,,Thu Aug 13 2026 08:57:46 GMT+0000 (Coordinated Universal Time)
annotator_01,annotator,138,孤独的猫眼之歌,张枣,poem,modern,,true,,Thu Aug 13 2026 08:57:47 GMT+0000 (Coordinated Universal Time)
annotator_01,annotator,977,无题,,nonpoem,news,,false,,Thu Aug 13 2026 08:57:48 GMT+0000 (Coordinated Universal Time)
annotator_01,annotator,66,九月的云,海子,poem,modern,,true,,Thu Aug 13 2026 08:57:49 GMT+0000 (Coordinated Universal Time)
annotator_01,annotator,923,无题,,nonpoem,news,,false,,Thu Aug 13 2026 08:57:51 GMT+0000 (Coordinated Universal Time)
annotator_01,annotator,110033,无题,,nonpoem,news,,false,,Thu Aug 13 2026 08:57:51 GMT+0000 (Coordinated Universal Time)
annotator_01,annotator,431,即事黄州作 (1),杜牧,poem,classic,,false,,Thu Aug 13 2026 08:57:52 GMT+0000 (Coordinated Universal Time)
annotator_01,annotator,930,所见·操心命,,nonpoem,news,,false,,Thu Aug 13 2026 08:57:53 GMT+0000 (Coordinated Universal Time)
annotator_01,annotator,110136,关于沃尔核德里克,,nonpoem,news,,false,,Thu Aug 13 2026 08:57:53 GMT+0000 (Coordinated Universal Time)
annotator_01,annotator,932,关于活动二,,nonpoem,news,,false,,Thu Aug 13 2026 08:57:54 GMT+0000 (Coordinated Universal Time)
annotator_01,annotator,109863,割草谣,LiBai,poem,ai,,true,,Thu Aug 13 2026 08:57:55 GMT+0000 (Coordinated Universal Time)
annotator_01,annotator,95,敦煌,海子,poem,modern,,true,,Thu Aug 13 2026 08:57:55 GMT+0000 (Coordinated Universal Time)
annotator_01,annotator,109947,草原上,LiBai,poem,ai,,true,,Thu Aug 13 2026 08:57:56 GMT+0000 (Coordinated Universal Time)
annotator_01,annotator,84,谣曲,海子,poem,modern,,true,,Thu Aug 13 2026 08:57:56 GMT+0000 (Coordinated Universal Time)
annotator_01,annotator,72,给安庆,海子,poem,modern,,true,,Thu Aug 13 2026 08:57:56 GMT+0000 (Coordinated Universal Time)
annotator_01,annotator,109770,雪人,LiBai,poem,ai,,true,,Thu Aug 13 2026 08:57:57 GMT+0000 (Coordinated Universal Time)
annotator_01,annotator,130,入夜,张枣,poem,modern,,true,,Thu Aug 13 2026 08:57:58 GMT+0000 (Coordinated Universal Time)
annotator_01,annotator,110089,聊聊埃文斯则只能,,nonpoem,news,,false,,Thu Aug 13 2026 08:57:59 GMT+0000 (Coordinated Universal Time)
annotator_01,annotator,238,月夜听琴,徐志摩,poem,modern,,true,,Thu Aug 13 2026 08:57:59 GMT+0000 (Coordinated Universal Time)
annotator_01,annotator,109777,遥寄,LiBai,poem,ai,,true,,Thu Aug 13 2026 08:58:00 GMT+0000 (Coordinated Universal Time)
annotator_01,annotator,521,相信余氏，然后,,nonpoem,social,,false,,Thu Aug 13 2026 08:58:00 GMT+0000 (Coordinated Universal Time)
annotator_01,annotator,906,无题,,nonpoem,news,,true,,Thu Aug 13 2026 08:58:00 GMT+0000 (Coordinated Universal Time)
annotator_01,annotator,109762,梦痕,LiBai,poem,ai,,true,,Thu Aug 13 2026 08:58:01 GMT+0000 (Coordinated Universal Time)
annotator_01,annotator,78,七百年前,海子,poem,modern,,true,,Thu Aug 13 2026 08:58:02 GMT+0000 (Coordinated Universal Time)
annotator_01,annotator,110082,那不妨选择，然后,,nonpoem,news,,false,,Thu Aug 13 2026 08:58:03 GMT+0000 (Coordinated Universal Time)
annotator_01,annotator,911,聊聊也有了一些了解,,nonpoem,news,,true,,Thu Aug 13 2026 08:58:04 GMT+0000 (Coordinated Universal Time)
annotator_01,annotator,643,无题,,nonpoem,social,,false,,Thu Aug 13 2026 08:58:06 GMT+0000 (Coordinated Universal Time)
annotator_01,annotator,110125,无题,,nonpoem,news,,false,,Thu Aug 13 2026 08:58:07 GMT+0000 (Coordinated Universal Time)
annotator_01,annotator,188,哀曼殊斐儿,徐志摩,poem,modern,,true,,Thu Aug 13 2026 08:58:08 GMT+0000 (Coordinated Universal Time)
annotator_01,annotator,538,今天的训练出来的诗歌,,nonpoem,social,,false,,Thu Aug 13 2026 08:58:09 GMT+0000 (Coordinated Universal Time)
annotator_01,annotator,109986,聊聊大比分落后的热火,,nonpoem,news,,false,,Thu Aug 13 2026 08:58:09 GMT+0000 (Coordinated Universal Time)
annotator_01,annotator,513,无题,,nonpoem,social,,false,,Thu Aug 13 2026 08:58:09 GMT+0000 (Coordinated Universal Time)
annotator_01,annotator,109811,美,LiBai,poem,ai,,true,,Thu Aug 13 2026 08:58:10 GMT+0000 (Coordinated Universal Time)
annotator_01,annotator,505,无题,,nonpoem,social,,false,,Thu Aug 13 2026 08:58:11 GMT+0000 (Coordinated Universal Time)
annotator_01,annotator,23,给我逝去的老祖母,顾城,poem,modern,,true,,Thu Aug 13 2026 08:58:12 GMT+0000 (Coordinated Universal Time)
annotator_01,annotator,109912,泪水,LiBai,poem,ai,,true,,Thu Aug 13 2026 08:58:13 GMT+0000 (Coordinated Universal Time)
annotator_01,annotator,150,昨夜星辰,张枣,poem,modern,,false,,Thu Aug 13 2026 08:58:14 GMT+0000 (Coordinated Universal Time)
annotator_01,annotator,109837,我耕耘,LiBai,poem,ai,,true,,Thu Aug 13 2026 08:58:14 GMT+0000 (Coordinated Universal Time)
annotator_01,annotator,939,无题,,nonpoem,news,,false,,Thu Aug 13 2026 08:58:15 GMT+0000 (Coordinated Universal Time)
annotator_01,annotator,11,我的幻想,顾城,poem,modern,,true,,Thu Aug 13 2026 08:58:16 GMT+0000 (Coordinated Universal Time)
annotator_01,annotator,110059,无题,,nonpoem,news,,false,,Thu Aug 13 2026 08:58:16 GMT+0000 (Coordinated Universal Time)
annotator_01,annotator,522,无题,,nonpoem,social,,false,,Thu Aug 13 2026 08:58:17 GMT+0000 (Coordinated Universal Time)
annotator_01,annotator,721,无题,,nonpoem,social,,false,,Thu Aug 13 2026 08:58:17 GMT+0000 (Coordinated Universal Time)
annotator_01,annotator,579,无题,,nonpoem,social,,true,,Thu Aug 13 2026 08:58:18 GMT+0000 (Coordinated Universal Time)
annotator_01,annotator,109993,聊聊柴腾火山喷发如此,,nonpoem,news,,false,,Thu Aug 13 2026 08:58:18 GMT+0000 (Coordinated Universal Time)
annotator_01,annotator,116,写给脖子上的菩萨,海子,poem,modern,,false,,Thu Aug 13 2026 08:58:20 GMT+0000 (Coordinated Universal Time)
annotator_01,annotator,44,爱的日记,顾城,poem,modern,,true,,Thu Aug 13 2026 08:58:20 GMT+0000 (Coordinated Universal Time)
annotator_01,annotator,109798,佛语,LiBai,poem,ai,,false,,Thu Aug 13 2026 08:58:20 GMT+0000 (Coordinated Universal Time)
annotator_01,annotator,708,今天的我喜欢那首,,nonpoem,social,,false,,Thu Aug 13 2026 08:58:21 GMT+0000 (Coordinated Universal Time)
annotator_01,annotator,109909,等待黎明,LiBai,poem,ai,,true,,Thu Aug 13 2026 08:58:21 GMT+0000 (Coordinated Universal Time)
annotator_01,annotator,931,除运输外，然后,,nonpoem,news,,false,,Thu Aug 13 2026 08:58:21 GMT+0000 (Coordinated Universal Time)
annotator_01,annotator,110027,性能方面，然后,,nonpoem,news,,false,,Thu Aug 13 2026 08:58:23 GMT+0000 (Coordinated Universal Time)
annotator_01,annotator,300,扈从凤泉和崔黄门喜恩旨解严罢围之作,苏颋,poem,classic,,true,,Thu Aug 13 2026 08:58:23 GMT+0000 (Coordinated Universal Time)
annotator_01,annotator,697,无题,,nonpoem,social,,false,,Thu Aug 13 2026 08:58:23 GMT+0000 (Coordinated Universal Time)
annotator_01,annotator,109817,七月不远,LiBai,poem,ai,,true,,Thu Aug 13 2026 08:58:24 GMT+0000 (Coordinated Universal Time)
annotator_01,annotator,793,无题,,nonpoem,news,,false,,Thu Aug 13 2026 08:58:25 GMT+0000 (Coordinated Universal Time)
annotator_01,annotator,109828,小巷,LiBai,poem,ai,,true,,Thu Aug 13 2026 08:58:26 GMT+0000 (Coordinated Universal Time)
annotator_01,annotator,853,无题,,nonpoem,news,,false,,Thu Aug 13 2026 08:58:26 GMT+0000 (Coordinated Universal Time)
annotator_01,annotator,905,无题,,nonpoem,news,,false,,Thu Aug 13 2026 08:58:26 GMT+0000 (Coordinated Universal Time)
annotator_01,annotator,110118,因为担心母猪出事的一点思考,,nonpoem,news,,false,,Thu Aug 13 2026 08:58:27 GMT+0000 (Coordinated Universal Time)
annotator_01,annotator,401,江州重别薛六柳八二员外,刘长卿,poem,classic,,true,,Thu Aug 13 2026 08:58:27 GMT+0000 (Coordinated Universal Time)
annotator_01,annotator,122,泪水,海子,poem,modern,,true,,Thu Aug 13 2026 08:58:28 GMT+0000 (Coordinated Universal Time)
annotator_01,annotator,109878,马、火、灰，鼎,LiBai,poem,ai,,true,,Thu Aug 13 2026 08:58:29 GMT+0000 (Coordinated Universal Time)
annotator_01,annotator,560,今天的今年不参加那两档,,nonpoem,social,,false,,Thu Aug 13 2026 08:58:29 GMT+0000 (Coordinated Universal Time)
annotator_01,annotator,141,猫的终结,张枣,poem,modern,,true,,Thu Aug 13 2026 08:58:30 GMT+0000 (Coordinated Universal Time)
annotator_01,annotator,109830,九月的云,LiBai,poem,ai,,true,,Thu Aug 13 2026 08:58:30 GMT+0000 (Coordinated Universal Time)
annotator_01,annotator,674,无题,,nonpoem,social,,false,,Thu Aug 13 2026 08:58:31 GMT+0000 (Coordinated Universal Time)
annotator_01,annotator,287,别李常侍,贯休,poem,classic,,true,,Thu Aug 13 2026 08:58:31 GMT+0000 (Coordinated Universal Time)
annotator_01,annotator,110068,今天的比来计算,,nonpoem,news,,false,,Thu Aug 13 2026 08:58:32 GMT+0000 (Coordinated Universal Time)
annotator_01,annotator,808,关于第二,,nonpoem,news,,false,,Thu Aug 13 2026 08:58:32 GMT+0000 (Coordinated Universal Time)
annotator_01,annotator,109960,今天的但更重要的是,,nonpoem,news,,false,,Thu Aug 13 2026 08:58:33 GMT+0000 (Coordinated Universal Time)
annotator_01,annotator,540,无题,,nonpoem,social,,false,,Thu Aug 13 2026 08:58:34 GMT+0000 (Coordinated Universal Time)
annotator_01,annotator,555,我眼中的雨是悲欢离合,,nonpoem,social,,true,,Thu Aug 13 2026 08:58:34 GMT+0000 (Coordinated Universal Time)
annotator_01,annotator,110121,无题,,nonpoem,news,,false,,Thu Aug 13 2026 08:58:34 GMT+0000 (Coordinated Universal Time)
annotator_01,annotator,913,今天的总评,,nonpoem,news,,false,,Thu Aug 13 2026 08:58:35 GMT+0000 (Coordinated Universal Time)
annotator_01,annotator,708,今天的我喜欢那首,,nonpoem,social,,false,,Thu Aug 13 2026 08:58:36 GMT+0000 (Coordinated Universal Time)
annotator_01,annotator,110117,无题,,nonpoem,news,,false,,Thu Aug 13 2026 08:58:36 GMT+0000 (Coordinated Universal Time)
annotator_01,annotator,627,我眼中的怎么下,,nonpoem,social,,false,,Thu Aug 13 2026 08:58:36 GMT+0000 (Coordinated Universal Time)
annotator_01,annotator,109917,秋日黄昏,LiBai,poem,ai,,true,,Thu Aug 13 2026 08:58:37 GMT+0000 (Coordinated Universal Time)
annotator_01,annotator,996,最佳外语片的一点思考,,nonpoem,news,,false,,Thu Aug 13 2026 08:58:38 GMT+0000 (Coordinated Universal Time)
annotator_01,annotator,468,忆齐安郡,杜牧,poem,classic,,false,,Thu Aug 13 2026 08:58:39 GMT+0000 (Coordinated Universal Time)
annotator_01,annotator,205,在火车中的一次心软 (1),徐志摩,poem,modern,,false,,Thu Aug 13 2026 08:58:39 GMT+0000 (Coordinated Universal Time)
annotator_01,annotator,110039,聊聊Harry,,nonpoem,news,,false,,Thu Aug 13 2026 08:58:40 GMT+0000 (Coordinated Universal Time)
annotator_01,annotator,275,对雨,李白,poem,classic,,true,,Thu Aug 13 2026 08:58:40 GMT+0000 (Coordinated Universal Time)
annotator_01,annotator,110090,两国元首对朝鲜半，然后,,nonpoem,news,,false,,Thu Aug 13 2026 08:58:41 GMT+0000 (Coordinated Universal Time)
annotator_01,annotator,246,叫化活该,徐志摩,poem,modern,,false,,Thu Aug 13 2026 08:58:41 GMT+0000 (Coordinated Universal Time)
annotator_01,annotator,19,我曾是火中最小的花朵,顾城,poem,modern,,true,,Thu Aug 13 2026 08:58:43 GMT+0000 (Coordinated Universal Time)
annotator_01,annotator,938,今天的一旦交给人家,,nonpoem,news,,false,,Thu Aug 13 2026 08:58:45 GMT+0000 (Coordinated Universal Time)
annotator_01,annotator,118,桃花时节,海子,poem,modern,,false,,Thu Aug 13 2026 08:58:45 GMT+0000 (Coordinated Universal Time)
annotator_01,annotator,273,与罗隐互谑,顾云,poem,classic,,true,,Thu Aug 13 2026 08:58:46 GMT+0000 (Coordinated Universal Time)
annotator_01,annotator,240,笑解烦恼结（送幼仪）,徐志摩,poem,modern,,true,,Thu Aug 13 2026 08:58:47 GMT+0000 (Coordinated Universal Time)
annotator_01,annotator,208,去罢,徐志摩,poem,modern,,true,,Thu Aug 13 2026 08:58:48 GMT+0000 (Coordinated Universal Time)
annotator_01,annotator,588,关于签名去白底失败,,nonpoem,social,,false,,Thu Aug 13 2026 08:58:49 GMT+0000 (Coordinated Universal Time)
annotator_01,annotator,109880,路,LiBai,poem,ai,,true,,Thu Aug 13 2026 08:58:49 GMT+0000 (Coordinated Universal Time)
annotator_01,annotator,1,蝗虫,顾城,poem,modern,,true,,Thu Aug 13 2026 08:58:49 GMT+0000 (Coordinated Universal Time)
annotator_01,annotator,98,遥远的路程：十四行献给89年初的雪,海子,poem,modern,,true,,Thu Aug 13 2026 08:58:50 GMT+0000 (Coordinated Universal Time)
annotator_01,annotator,109926,两座村庄,LiBai,poem,ai,,true,,Thu Aug 13 2026 08:58:52 GMT+0000 (Coordinated Universal Time)
annotator_01,annotator,214,苏苏,徐志摩,poem,modern,,true,,Thu Aug 13 2026 08:58:52 GMT+0000 (Coordinated Universal Time)
annotator_01,annotator,517,无题,,nonpoem,social,,false,,Thu Aug 13 2026 08:58:52 GMT+0000 (Coordinated Universal Time)
annotator_01,annotator,110086,无题,,nonpoem,news,,false,,Thu Aug 13 2026 08:58:54 GMT+0000 (Coordinated Universal Time)
annotator_01,annotator,926,我眼中的研究分析当前辽宁,,nonpoem,news,,false,,Thu Aug 13 2026 08:58:54 GMT+0000 (Coordinated Universal Time)
annotator_01,annotator,991,我眼中的换意见,,nonpoem,news,,false,,Thu Aug 13 2026 08:58:55 GMT+0000 (Coordinated Universal Time)
annotator_01,annotator,110102,无题,,nonpoem,news,,false,,Thu Aug 13 2026 08:58:55 GMT+0000 (Coordinated Universal Time)
annotator_01,annotator,33,老人,顾城,poem,modern,,true,,Thu Aug 13 2026 08:58:55 GMT+0000 (Coordinated Universal Time)
annotator_01,annotator,109950,遥寄,LiBai,poem,ai,,true,,Thu Aug 13 2026 08:58:56 GMT+0000 (Coordinated Universal Time)
annotator_01,annotator,134,苍蝇,张枣,poem,modern,,true,,Thu Aug 13 2026 08:58:56 GMT+0000 (Coordinated Universal Time)
annotator_01,annotator,109980,继续预计处于较低，然后,,nonpoem,news,,false,,Thu Aug 13 2026 08:58:57 GMT+0000 (Coordinated Universal Time)
annotator_01,annotator,610,无题,,nonpoem,social,,false,,Thu Aug 13 2026 08:58:57 GMT+0000 (Coordinated Universal Time)
annotator_01,annotator,988,无题,,nonpoem,news,,false,,Thu Aug 13 2026 08:58:58 GMT+0000 (Coordinated Universal Time)
annotator_01,annotator,804,所见·性格分析当中,,nonpoem,news,,false,,Thu Aug 13 2026 08:58:59 GMT+0000 (Coordinated Universal Time)
annotator_01,annotator,230,朝雾里的小草花,徐志摩,poem,modern,,true,,Thu Aug 13 2026 08:59:01 GMT+0000 (Coordinated Universal Time)
annotator_01,annotator,35,希望者：,顾城,poem,modern,,true,,Thu Aug 13 2026 08:59:02 GMT+0000 (Coordinated Universal Time)
annotator_01,annotator,127,别了，威茨堡,张枣,poem,modern,,true,,Thu Aug 13 2026 08:59:02 GMT+0000 (Coordinated Universal Time)
annotator_01,annotator,193,两地相思,徐志摩,poem,modern,,true,,Thu Aug 13 2026 08:59:04 GMT+0000 (Coordinated Universal Time)
annotator_01,annotator,504,蔫儿了的一点思考,,nonpoem,social,,false,,Thu Aug 13 2026 08:59:05 GMT+0000 (Coordinated Universal Time)
annotator_01,annotator,736,无题,,nonpoem,social,,false,,Thu Aug 13 2026 08:59:05 GMT+0000 (Coordinated Universal Time)
annotator_01,annotator,950,我知，然后,,nonpoem,news,,false,,Thu Aug 13 2026 08:59:06 GMT+0000 (Coordinated Universal Time)
annotator_01,annotator,334,和仆射牛相公寓言二首,刘禹锡,poem,classic,,true,,Thu Aug 13 2026 08:59:07 GMT+0000 (Coordinated Universal Time)
annotator_01,annotator,603,无题,,nonpoem,social,,false,,Thu Aug 13 2026 08:59:08 GMT+0000 (Coordinated Universal Time)
annotator_01,annotator,110037,都能称兄道弟，然后,,nonpoem,news,,false,,Thu Aug 13 2026 08:59:09 GMT+0000 (Coordinated Universal Time)
annotator_01,annotator,103,明天醒来我会在哪一只鞋子里,海子,poem,modern,,true,,Thu Aug 13 2026 08:59:09 GMT+0000 (Coordinated Universal Time)
annotator_01,annotator,232,一个星期 (1),徐志摩,poem,modern,,false,,Thu Aug 13 2026 08:59:10 GMT+0000 (Coordinated Universal Time)
annotator_01,annotator,613,我眼中的马拉松爱好者,,nonpoem,social,,false,,Thu Aug 13 2026 08:59:11 GMT+0000 (Coordinated Universal Time)
annotator_01,annotator,126,姨,张枣,poem,modern,,true,,Thu Aug 13 2026 08:59:12 GMT+0000 (Coordinated Universal Time)
annotator_01,annotator,110135,关于正是联盟战绩王,,nonpoem,news,,false,,Thu Aug 13 2026 08:59:12 GMT+0000 (Coordinated Universal Time)
annotator_01,annotator,874,今天的宁静而略带稚嫩的,,nonpoem,news,,false,,Thu Aug 13 2026 08:59:13 GMT+0000 (Coordinated Universal Time)
annotator_01,annotator,964,无题,,nonpoem,news,,false,,Thu Aug 13 2026 08:59:13 GMT+0000 (Coordinated Universal Time)
annotator_01,annotator,854,无题,,nonpoem,news,,false,,Thu Aug 13 2026 08:59:15 GMT+0000 (Coordinated Universal Time)
annotator_01,annotator,109836,日记,LiBai,poem,ai,,false,,Thu Aug 13 2026 08:59:15 GMT+0000 (Coordinated Universal Time)
annotator_01,annotator,860,无题,,nonpoem,news,,false,,Thu Aug 13 2026 08:59:16 GMT+0000 (Coordinated Universal Time)
annotator_01,annotator,39,小风景,顾城,poem,modern,,true,,Thu Aug 13 2026 08:59:16 GMT+0000 (Coordinated Universal Time)
annotator_01,annotator,219,荒凉的城子,徐志摩,poem,modern,,true,,Thu Aug 13 2026 08:59:18 GMT+0000 (Coordinated Universal Time)
annotator_01,annotator,153,石头,张枣,poem,modern,,true,,Thu Aug 13 2026 08:59:18 GMT+0000 (Coordinated Universal Time)
annotator_01,annotator,109913,的确，这就是世界,LiBai,poem,ai,,true,,Thu Aug 13 2026 08:59:19 GMT+0000 (Coordinated Universal Time)
annotator_01,annotator,180,留言条之一,张枣,poem,modern,,true,,Thu Aug 13 2026 08:59:20 GMT+0000 (Coordinated Universal Time)
annotator_01,annotator,902,无题,,nonpoem,news,,false,,Thu Aug 13 2026 08:59:21 GMT+0000 (Coordinated Universal Time)
annotator_01,annotator,109869,不幸,LiBai,poem,ai,,true,,Thu Aug 13 2026 08:59:21 GMT+0000 (Coordinated Universal Time)
annotator_01,annotator,803,无题,,nonpoem,news,,false,,Thu Aug 13 2026 08:59:21 GMT+0000 (Coordinated Universal Time)
annotator_01,annotator,593,诗客厅的一点思考,,nonpoem,social,,false,,Thu Aug 13 2026 08:59:22 GMT+0000 (Coordinated Universal Time)
annotator_01,annotator,153,石头,张枣,poem,modern,,true,,Thu Aug 13 2026 08:59:23 GMT+0000 (Coordinated Universal Time)
annotator_01,annotator,192,秋月,徐志摩,poem,modern,,true,,Thu Aug 13 2026 08:59:25 GMT+0000 (Coordinated Universal Time)
annotator_01,annotator,109864,摄,LiBai,poem,ai,,false,,Thu Aug 13 2026 08:59:26 GMT+0000 (Coordinated Universal Time)
annotator_01,annotator,34,浅色的影子,顾城,poem,modern,,true,,Thu Aug 13 2026 08:59:26 GMT+0000 (Coordinated Universal Time)
annotator_01,annotator,2,游戏,顾城,poem,modern,,true,,Thu Aug 13 2026 08:59:27 GMT+0000 (Coordinated Universal Time)
annotator_01,annotator,109883,安慰,LiBai,poem,ai,,true,,Thu Aug 13 2026 08:59:27 GMT+0000 (Coordinated Universal Time)
annotator_01,annotator,722,我眼中的只发,,nonpoem,social,,false,,Thu Aug 13 2026 08:59:28 GMT+0000 (Coordinated Universal Time)
annotator_01,annotator,109888,小树,LiBai,poem,ai,,true,,Thu Aug 13 2026 08:59:28 GMT+0000 (Coordinated Universal Time)
annotator_01,annotator,562,无题,,nonpoem,social,,false,,Thu Aug 13 2026 08:59:29 GMT+0000 (Coordinated Universal Time)
annotator_01,annotator,674,无题,,nonpoem,social,,false,,Thu Aug 13 2026 08:59:30 GMT+0000 (Coordinated Universal Time)
annotator_01,annotator,110007,无题,,nonpoem,news,,false,,Thu Aug 13 2026 08:59:31 GMT+0000 (Coordinated Universal Time)
annotator_01,annotator,6,生命幻想曲,顾城,poem,modern,,true,,Thu Aug 13 2026 08:59:31 GMT+0000 (Coordinated Universal Time)
annotator_01,annotator,76,给母亲（组诗）,海子,poem,modern,,true,,Thu Aug 13 2026 08:59:33 GMT+0000 (Coordinated Universal Time)
annotator_01,annotator,582,聊聊爱人的光和阳光,,nonpoem,social,,false,,Thu Aug 13 2026 08:59:33 GMT+0000 (Coordinated Universal Time)
annotator_01,annotator,110095,无题,,nonpoem,news,,false,,Thu Aug 13 2026 08:59:34 GMT+0000 (Coordinated Universal Time)
annotator_01,annotator,649,今天的等我放出来,,nonpoem,social,,false,,Thu Aug 13 2026 08:59:34 GMT+0000 (Coordinated Universal Time)
annotator_01,annotator,109847,八月之杯,LiBai,poem,ai,,true,,Thu Aug 13 2026 08:59:35 GMT+0000 (Coordinated Universal Time)
annotator_01,annotator,611,聊聊世界杯,,nonpoem,social,,false,,Thu Aug 13 2026 08:59:35 GMT+0000 (Coordinated Universal Time)
annotator_01,annotator,109788,我的一个春天,LiBai,poem,ai,,true,,Thu Aug 13 2026 08:59:36 GMT+0000 (Coordinated Universal Time)
annotator_01,annotator,227,毒药,徐志摩,poem,modern,,false,,Thu Aug 13 2026 08:59:38 GMT+0000 (Coordinated Universal Time)
annotator_01,annotator,109999,关于导语,,nonpoem,news,,false,,Thu Aug 13 2026 08:59:38 GMT+0000 (Coordinated Universal Time)
annotator_01,annotator,131,钻墙者和极端的倾听之歌,张枣,poem,modern,,true,,Thu Aug 13 2026 08:59:38 GMT+0000 (Coordinated Universal Time)
annotator_01,annotator,791,所见·这个孩子说,,nonpoem,news,,false,,Thu Aug 13 2026 08:59:39 GMT+0000 (Coordinated Universal Time)
annotator_01,annotator,109843,贞女和风,LiBai,poem,ai,,true,,Thu Aug 13 2026 08:59:40 GMT+0000 (Coordinated Universal Time)
annotator_01,annotator,671,我眼中的不求上进的玉子,,nonpoem,social,,false,,Thu Aug 13 2026 08:59:40 GMT+0000 (Coordinated Universal Time)
annotator_01,annotator,606,2022的一点思考,,nonpoem,social,,false,,Thu Aug 13 2026 08:59:41 GMT+0000 (Coordinated Universal Time)
annotator_01,annotator,521,相信余氏，然后,,nonpoem,social,,false,,Thu Aug 13 2026 08:59:43 GMT+0000 (Coordinated Universal Time)
annotator_01,annotator,109834,寄海外,LiBai,poem,ai,,true,,Thu Aug 13 2026 08:59:44 GMT+0000 (Coordinated Universal Time)
annotator_01,annotator,859,2晋级的一点思考,,nonpoem,news,,false,,Thu Aug 13 2026 08:59:44 GMT+0000 (Coordinated Universal Time)
annotator_01,annotator,110065,无题,,nonpoem,news,,false,,Thu Aug 13 2026 08:59:45 GMT+0000 (Coordinated Universal Time)
annotator_01,annotator,535,孙书恒，然后,,nonpoem,social,,false,,Thu Aug 13 2026 08:59:46 GMT+0000 (Coordinated Universal Time)
annotator_01,annotator,190,无儿,徐志摩,poem,modern,,false,,Thu Aug 13 2026 08:59:48 GMT+0000 (Coordinated Universal Time)
annotator_01,annotator,547,无题,,nonpoem,social,,false,,Thu Aug 13 2026 08:59:49 GMT+0000 (Coordinated Universal Time)
annotator_01,annotator,782,今天的时尚帅气的马甲是,,nonpoem,news,,false,,Thu Aug 13 2026 08:59:52 GMT+0000 (Coordinated Universal Time)
annotator_01,annotator,129,选择,张枣,poem,modern,,true,,Thu Aug 13 2026 08:59:54 GMT+0000 (Coordinated Universal Time)
annotator_01,annotator,598,无题,,nonpoem,social,,false,,Thu Aug 13 2026 08:59:56 GMT+0000 (Coordinated Universal Time)
annotator_01,annotator,635,今天的也够,,nonpoem,social,,false,,Thu Aug 13 2026 08:59:57 GMT+0000 (Coordinated Universal Time)
annotator_01,annotator,94,春天，十个海子,海子,poem,modern,,true,,Thu Aug 13 2026 08:59:59 GMT+0000 (Coordinated Universal Time)
annotator_01,annotator,730,我眼中的文学自杀行为,,nonpoem,social,,false,,Thu Aug 13 2026 09:00:00 GMT+0000 (Coordinated Universal Time)
annotator_01,annotator,769,能清楚长相的照片的一点思考,,nonpoem,news,,false,,Thu Aug 13 2026 09:00:01 GMT+0000 (Coordinated Universal Time)
annotator_01,annotator,256,吊元鲁山,孟郊,poem,classic,,true,,Thu Aug 13 2026 09:00:02 GMT+0000 (Coordinated Universal Time)
annotator_01,annotator,844,无题,,nonpoem,news,,false,,Thu Aug 13 2026 09:00:03 GMT+0000 (Coordinated Universal Time)
annotator_01,annotator,326,咏所乐,白居易,poem,classic,,true,,Thu Aug 13 2026 09:00:04 GMT+0000 (Coordinated Universal Time)
annotator_01,annotator,53,友谊,顾城,poem,modern,,true,,Thu Aug 13 2026 09:00:04 GMT+0000 (Coordinated Universal Time)
annotator_01,annotator,159,那使人忧伤的是什么？,张枣,poem,modern,,true,,Thu Aug 13 2026 09:00:06 GMT+0000 (Coordinated Universal Time)
annotator_01,annotator,126,姨,张枣,poem,modern,,true,,Thu Aug 13 2026 09:00:07 GMT+0000 (Coordinated Universal Time)
annotator_01,annotator,575,所见·这周见人吃到,,nonpoem,social,,false,,Thu Aug 13 2026 09:00:08 GMT+0000 (Coordinated Universal Time)
annotator_01,annotator,748,今天的可以来问我看看,,nonpoem,social,,false,,Thu Aug 13 2026 09:00:09 GMT+0000 (Coordinated Universal Time)
annotator_01,annotator,986,关于单品,,nonpoem,news,,false,,Thu Aug 13 2026 09:00:10 GMT+0000 (Coordinated Universal Time)
annotator_01,annotator,125,麓山的回忆,张枣,poem,modern,,true,,Thu Aug 13 2026 09:00:12 GMT+0000 (Coordinated Universal Time)
annotator_01,annotator,110147,无题,,nonpoem,news,,false,,Thu Aug 13 2026 09:00:13 GMT+0000 (Coordinated Universal Time)
annotator_01,annotator,155,湘君,张枣,poem,modern,,true,,Thu Aug 13 2026 09:00:13 GMT+0000 (Coordinated Universal Time)
annotator_01,annotator,110002,无题,,nonpoem,news,,false,,Thu Aug 13 2026 09:00:14 GMT+0000 (Coordinated Universal Time)
annotator_01,annotator,544,我眼中的不求上进的玉子,,nonpoem,social,,false,,Thu Aug 13 2026 09:00:15 GMT+0000 (Coordinated Universal Time)
annotator_01,annotator,242,白旗,徐志摩,poem,modern,,true,,Thu Aug 13 2026 09:00:15 GMT+0000 (Coordinated Universal Time)
annotator_01,annotator,538,今天的训练出来的诗歌,,nonpoem,social,,false,,Thu Aug 13 2026 09:00:16 GMT+0000 (Coordinated Universal Time)
annotator_01,annotator,109897,星岛的夜,LiBai,poem,ai,,true,,Thu Aug 13 2026 09:00:17 GMT+0000 (Coordinated Universal Time)
annotator_01,annotator,109974,就像踢足的一点思考,,nonpoem,news,,false,,Thu Aug 13 2026 09:00:19 GMT+0000 (Coordinated Universal Time)
annotator_01,annotator,82,情诗一束,海子,poem,modern,,true,,Thu Aug 13 2026 09:00:19 GMT+0000 (Coordinated Universal Time)
annotator_01,annotator,191,悲思,徐志摩,poem,modern,,true,,Thu Aug 13 2026 09:00:20 GMT+0000 (Coordinated Universal Time)
annotator_01,annotator,109766,雪人,LiBai,poem,ai,,true,,Thu Aug 13 2026 09:00:20 GMT+0000 (Coordinated Universal Time)
annotator_01,annotator,109943,七月不远,LiBai,poem,ai,,true,,Thu Aug 13 2026 09:00:21 GMT+0000 (Coordinated Universal Time)
annotator_01,annotator,833,关于编辑点评,,nonpoem,news,,false,,Thu Aug 13 2026 09:00:21 GMT+0000 (Coordinated Universal Time)
annotator_01,annotator,231,海韵,徐志摩,poem,modern,,false,,Thu Aug 13 2026 09:00:22 GMT+0000 (Coordinated Universal Time)
annotator_01,annotator,69,无题,海子,poem,modern,,true,,Thu Aug 13 2026 09:00:22 GMT+0000 (Coordinated Universal Time)
annotator_01,annotator,110080,另外，然后,,nonpoem,news,,false,,Thu Aug 13 2026 09:00:23 GMT+0000 (Coordinated Universal Time)
annotator_01,annotator,21,怀念,顾城,poem,modern,,true,,Thu Aug 13 2026 09:00:24 GMT+0000 (Coordinated Universal Time)
annotator_01,annotator,109805,我感到魅惑,LiBai,poem,ai,,true,,Thu Aug 13 2026 09:00:24 GMT+0000 (Coordinated Universal Time)
annotator_01,annotator,16,地基,顾城,poem,modern,,true,,Thu Aug 13 2026 09:00:25 GMT+0000 (Coordinated Universal Time)
annotator_01,annotator,165,红叶,张枣,poem,modern,,true,,Thu Aug 13 2026 09:00:26 GMT+0000 (Coordinated Universal Time)
annotator_01,annotator,109972,痛苦地躺在地板上的一点思考,,nonpoem,news,,false,,Thu Aug 13 2026 09:00:26 GMT+0000 (Coordinated Universal Time)
annotator_01,annotator,247,北方的冬天是冬天,徐志摩,poem,modern,,true,,Thu Aug 13 2026 09:00:27 GMT+0000 (Coordinated Universal Time)
annotator_01,annotator,110023,无题,,nonpoem,news,,false,,Thu Aug 13 2026 09:00:27 GMT+0000 (Coordinated Universal Time)
annotator_01,annotator,250,一个祈祷,徐志摩,poem,modern,,true,,Thu Aug 13 2026 09:00:28 GMT+0000 (Coordinated Universal Time)
annotator_01,annotator,478,池州李使君殁后十一日处州新命始到后见归妓感而成诗 (1),杜牧,poem,classic,,false,,Thu Aug 13 2026 09:00:29 GMT+0000 (Coordinated Universal Time)
annotator_01,annotator,597,我眼中的我觉得只要在交易,,nonpoem,social,,true,,Thu Aug 13 2026 09:00:29 GMT+0000 (Coordinated Universal Time)
annotator_01,annotator,109819,原作,LiBai,poem,ai,,true,,Thu Aug 13 2026 09:00:30 GMT+0000 (Coordinated Universal Time)
annotator_01,annotator,110025,无题,,nonpoem,news,,false,,Thu Aug 13 2026 09:00:31 GMT+0000 (Coordinated Universal Time)
annotator_01,annotator,114,长发飞舞的姑娘,海子,poem,modern,,true,,Thu Aug 13 2026 09:00:32 GMT+0000 (Coordinated Universal Time)
annotator_01,annotator,109935,九月的云,LiBai,poem,ai,,true,,Thu Aug 13 2026 09:00:33 GMT+0000 (Coordinated Universal Time)
annotator_01,annotator,109906,假如……,LiBai,poem,ai,,true,,Thu Aug 13 2026 09:00:34 GMT+0000 (Coordinated Universal Time)
annotator_01,annotator,110046,无题,,nonpoem,news,,false,,Thu Aug 13 2026 09:00:36 GMT+0000 (Coordinated Universal Time)
annotator_01,annotator,805,无题,,nonpoem,news,,false,,Thu Aug 13 2026 09:00:36 GMT+0000 (Coordinated Universal Time)
annotator_01,annotator,574,今天的5年就要有成果,,nonpoem,social,,false,,Thu Aug 13 2026 09:00:37 GMT+0000 (Coordinated Universal Time)
annotator_01,annotator,109841,我是你的太阳,LiBai,poem,ai,,true,,Thu Aug 13 2026 09:00:37 GMT+0000 (Coordinated Universal Time)
annotator_01,annotator,367,怨情,李白,poem,classic,,true,,Thu Aug 13 2026 09:00:37 GMT+0000 (Coordinated Universal Time)
annotator_01,annotator,524,聊聊看不懂博主是学校,,nonpoem,social,,false,,Thu Aug 13 2026 09:00:38 GMT+0000 (Coordinated Universal Time)
annotator_01,annotator,109994,关于搭配建议,,nonpoem,news,,false,,Thu Aug 13 2026 09:00:39 GMT+0000 (Coordinated Universal Time)
annotator_01,annotator,151,地铁竖琴,张枣,poem,modern,,true,,Thu Aug 13 2026 09:00:40 GMT+0000 (Coordinated Universal Time)
annotator_01,annotator,666,我眼中的忆江南,,nonpoem,social,,true,,Thu Aug 13 2026 09:00:41 GMT+0000 (Coordinated Universal Time)
annotator_01,annotator,110126,无题,,nonpoem,news,,false,,Thu Aug 13 2026 09:00:41 GMT+0000 (Coordinated Universal Time)
annotator_01,annotator,501,聊聊本人无偿工作,,nonpoem,social,,false,,Thu Aug 13 2026 09:00:42 GMT+0000 (Coordinated Universal Time)
annotator_01,annotator,109967,所见·英寸液晶屏提高至,,nonpoem,news,,false,,Thu Aug 13 2026 09:00:42 GMT+0000 (Coordinated Universal Time)
annotator_01,annotator,752,无题,,nonpoem,news,,false,,Thu Aug 13 2026 09:00:43 GMT+0000 (Coordinated Universal Time)
annotator_01,annotator,109877,门前,LiBai,poem,ai,,true,,Thu Aug 13 2026 09:00:44 GMT+0000 (Coordinated Universal Time)
annotator_01,annotator,35,希望者：,顾城,poem,modern,,true,,Thu Aug 13 2026 09:00:45 GMT+0000 (Coordinated Universal Time)
annotator_01,annotator,109990,关于凌厉跌宕,,nonpoem,news,,false,,Thu Aug 13 2026 09:00:45 GMT+0000 (Coordinated Universal Time)
annotator_01,annotator,91,阿尔的太阳,海子,poem,modern,,true,,Thu Aug 13 2026 09:00:47 GMT+0000 (Coordinated Universal Time)
annotator_01,annotator,625,聊聊摘抄了很多,,nonpoem,social,,false,,Thu Aug 13 2026 09:00:47 GMT+0000 (Coordinated Universal Time)
annotator_01,annotator,110044,新华网香港，然后,,nonpoem,news,,false,,Thu Aug 13 2026 09:00:49 GMT+0000 (Coordinated Universal Time)
annotator_01,annotator,194,自然与人生,徐志摩,poem,modern,,true,,Thu Aug 13 2026 09:00:49 GMT+0000 (Coordinated Universal Time)
annotator_01,annotator,109853,无题,LiBai,poem,ai,,true,,Thu Aug 13 2026 09:00:50 GMT+0000 (Coordinated Universal Time)
annotator_01,annotator,670,无题,,nonpoem,social,,true,,Thu Aug 13 2026 09:00:51 GMT+0000 (Coordinated Universal Time)
annotator_01,annotator,553,无题,,nonpoem,social,,false,,Thu Aug 13 2026 09:00:51 GMT+0000 (Coordinated Universal Time)
annotator_01,annotator,109861,风的梦,LiBai,poem,ai,,true,,Thu Aug 13 2026 09:00:52 GMT+0000 (Coordinated Universal Time)
annotator_01,annotator,182,灯笼镇,张枣,poem,modern,,true,,Thu Aug 13 2026 09:00:52 GMT+0000 (Coordinated Universal Time)
annotator_01,annotator,886,无题,,nonpoem,news,,false,,Thu Aug 13 2026 09:00:53 GMT+0000 (Coordinated Universal Time)
annotator_01,annotator,110024,关于引起传媒围堵,,nonpoem,news,,false,,Thu Aug 13 2026 09:00:53 GMT+0000 (Coordinated Universal Time)
annotator_01,annotator,18,小萝卜头和鹿,顾城,poem,modern,,true,,Thu Aug 13 2026 09:00:54 GMT+0000 (Coordinated Universal Time)
annotator_01,annotator,912,其中的一点思考,,nonpoem,news,,false,,Thu Aug 13 2026 09:00:55 GMT+0000 (Coordinated Universal Time)
annotator_01,annotator,110127,还开辟到德国的一点思考,,nonpoem,news,,false,,Thu Aug 13 2026 09:00:55 GMT+0000 (Coordinated Universal Time)
annotator_01,annotator,110145,无题,,nonpoem,news,,false,,Thu Aug 13 2026 09:00:56 GMT+0000 (Coordinated Universal Time)
annotator_01,annotator,956,无题,,nonpoem,news,,false,,Thu Aug 13 2026 09:00:56 GMT+0000 (Coordinated Universal Time)
annotator_01,annotator,38,我要成为太阳,顾城,poem,modern,,true,,Thu Aug 13 2026 09:00:57 GMT+0000 (Coordinated Universal Time)
annotator_01,annotator,109953,十四行：玫瑰花园,LiBai,poem,ai,,true,,Thu Aug 13 2026 09:00:58 GMT+0000 (Coordinated Universal Time)
annotator_01,annotator,413,出塞,王昌龄,poem,classic,,true,,Thu Aug 13 2026 09:00:58 GMT+0000 (Coordinated Universal Time)
annotator_01,annotator,237,八月的太阳,徐志摩,poem,modern,,false,,Thu Aug 13 2026 09:00:59 GMT+0000 (Coordinated Universal Time)
annotator_01,annotator,346,塞外寄张侍御,姚鹄,poem,classic,,true,,Thu Aug 13 2026 09:01:00 GMT+0000 (Coordinated Universal Time)
annotator_01,annotator,968,无题,,nonpoem,news,,false,,Thu Aug 13 2026 09:01:00 GMT+0000 (Coordinated Universal Time)
annotator_01,annotator,109787,来临,LiBai,poem,ai,,true,,Thu Aug 13 2026 09:01:01 GMT+0000 (Coordinated Universal Time)
annotator_01,annotator,979,今天的无处不在,,nonpoem,news,,false,,Thu Aug 13 2026 09:01:02 GMT+0000 (Coordinated Universal Time)
annotator_01,annotator,109903,在深夜的左侧,LiBai,poem,ai,,true,,Thu Aug 13 2026 09:01:02 GMT+0000 (Coordinated Universal Time)
annotator_01,annotator,83,黄金草原,海子,poem,modern,,true,,Thu Aug 13 2026 09:01:03 GMT+0000 (Coordinated Universal Time)
annotator_01,annotator,484,商山富水 (1) 驿 (2),杜牧,poem,classic,,false,,Thu Aug 13 2026 09:01:03 GMT+0000 (Coordinated Universal Time)
annotator_01,annotator,109849,远方,LiBai,poem,ai,,true,,Thu Aug 13 2026 09:01:04 GMT+0000 (Coordinated Universal Time)
annotator_01,annotator,54,不要在那里踱步,顾城,poem,modern,,true,,Thu Aug 13 2026 09:01:04 GMT+0000 (Coordinated Universal Time)
annotator_01,annotator,100,太平洋的献诗,海子,poem,modern,,true,,Thu Aug 13 2026 09:01:05 GMT+0000 (Coordinated Universal Time)
annotator_01,annotator,109850,佛语,LiBai,poem,ai,,true,,Thu Aug 13 2026 09:01:06 GMT+0000 (Coordinated Universal Time)
annotator_01,annotator,105,秋日想起春天的痛苦 也想起雷锋,海子,poem,modern,,true,,Thu Aug 13 2026 09:01:06 GMT+0000 (Coordinated Universal Time)
annotator_01,annotator,707,今天的机器人入门课程,,nonpoem,social,,true,,Thu Aug 13 2026 09:01:07 GMT+0000 (Coordinated Universal Time)
annotator_01,annotator,110092,今天的总决赛将设立三名,,nonpoem,news,,false,,Thu Aug 13 2026 09:01:07 GMT+0000 (Coordinated Universal Time)
annotator_01,annotator,765,无题,,nonpoem,news,,true,,Thu Aug 13 2026 09:01:08 GMT+0000 (Coordinated Universal Time)
annotator_01,annotator,110043,倒在了花坛边，然后,,nonpoem,news,,false,,Thu Aug 13 2026 09:01:09 GMT+0000 (Coordinated Universal Time)
annotator_01,annotator,89,尼采，你使我想起悲伤的热带,海子,poem,modern,,true,,Thu Aug 13 2026 09:01:10 GMT+0000 (Coordinated Universal Time)
annotator_01,annotator,109984,聊聊老鹰,,nonpoem,news,,false,,Thu Aug 13 2026 09:01:11 GMT+0000 (Coordinated Universal Time)
annotator_01,annotator,215,你是谁呀,徐志摩,poem,modern,,true,,Thu Aug 13 2026 09:01:12 GMT+0000 (Coordinated Universal Time)
annotator_01,annotator,93,八月之杯,海子,poem,modern,,true,,Thu Aug 13 2026 09:01:13 GMT+0000 (Coordinated Universal Time)
annotator_01,annotator,110001,首映式上，然后,,nonpoem,news,,false,,Thu Aug 13 2026 09:01:14 GMT+0000 (Coordinated Universal Time)
annotator_01,annotator,878,聊聊4处在冒烟,,nonpoem,news,,false,,Thu Aug 13 2026 09:01:15 GMT+0000 (Coordinated Universal Time)
annotator_01,annotator,924,今天的宣布,,nonpoem,news,,false,,Thu Aug 13 2026 09:01:16 GMT+0000 (Coordinated Universal Time)
annotator_01,annotator,109881,主人,LiBai,poem,ai,,true,,Thu Aug 13 2026 09:01:16 GMT+0000 (Coordinated Universal Time)
annotator_01,annotator,586,今天的作为读者,,nonpoem,social,,false,,Thu Aug 13 2026 09:01:17 GMT+0000 (Coordinated Universal Time)
annotator_01,annotator,670,无题,,nonpoem,social,,false,,Thu Aug 13 2026 09:01:17 GMT+0000 (Coordinated Universal Time)
annotator_01,annotator,109816,很久以来,LiBai,poem,ai,,true,,Thu Aug 13 2026 09:01:18 GMT+0000 (Coordinated Universal Time)
annotator_01,annotator,248,那是北极的星芒灿烂——译诗,徐志摩,poem,modern,,false,,Thu Aug 13 2026 09:01:18 GMT+0000 (Coordinated Universal Time)
annotator_01,annotator,727,所见·比尔,,nonpoem,social,,false,,Thu Aug 13 2026 09:01:18 GMT+0000 (Coordinated Universal Time)
annotator_01,annotator,110113,无题,,nonpoem,news,,false,,Thu Aug 13 2026 09:01:19 GMT+0000 (Coordinated Universal Time)
annotator_01,annotator,45,山溪,顾城,poem,modern,,true,,Thu Aug 13 2026 09:01:20 GMT+0000 (Coordinated Universal Time)
annotator_01,annotator,110100,无题,,nonpoem,news,,false,,Thu Aug 13 2026 09:01:20 GMT+0000 (Coordinated Universal Time)
annotator_01,annotator,542,无题,,nonpoem,social,,false,,Thu Aug 13 2026 09:01:21 GMT+0000 (Coordinated Universal Time)
annotator_01,annotator,514,我眼中的王敖,,nonpoem,social,,false,,Thu Aug 13 2026 09:01:21 GMT+0000 (Coordinated Universal Time)
annotator_01,annotator,110097,聊聊可以低位拍摄,,nonpoem,news,,false,,Thu Aug 13 2026 09:01:21 GMT+0000 (Coordinated Universal Time)
annotator_01,annotator,278,送衡阳归客,钱起,poem,classic,,true,,Thu Aug 13 2026 09:01:22 GMT+0000 (Coordinated Universal Time)
annotator_01,annotator,843,今天的财政,,nonpoem,news,,false,,Thu Aug 13 2026 09:01:22 GMT+0000 (Coordinated Universal Time)
annotator_01,annotator,503,聊聊看到这个,,nonpoem,social,,false,,Thu Aug 13 2026 09:01:23 GMT+0000 (Coordinated Universal Time)
annotator_01,annotator,965,我眼中的PenCam,,nonpoem,news,,false,,Thu Aug 13 2026 09:01:23 GMT+0000 (Coordinated Universal Time)
annotator_01,annotator,109792,水乡,LiBai,poem,ai,,true,,Thu Aug 13 2026 09:01:23 GMT+0000 (Coordinated Universal Time)
annotator_01,annotator,876,无题,,nonpoem,news,,false,,Thu Aug 13 2026 09:01:24 GMT+0000 (Coordinated Universal Time)
annotator_01,annotator,364,寻南溪常道士,刘长卿,poem,classic,,true,,Thu Aug 13 2026 09:01:24 GMT+0000 (Coordinated Universal Time)
annotator_01,annotator,110142,关于总分是1900,,nonpoem,news,,false,,Thu Aug 13 2026 09:01:24 GMT+0000 (Coordinated Universal Time)
annotator_01,annotator,43,窗外的夏天,顾城,poem,modern,,true,,Thu Aug 13 2026 09:01:26 GMT+0000 (Coordinated Universal Time)
annotator_01,annotator,112,十四行：玫瑰花,海子,poem,modern,,true,,Thu Aug 13 2026 09:01:27 GMT+0000 (Coordinated Universal Time)
annotator_01,annotator,106,秋日黄昏,海子,poem,modern,,true,,Thu Aug 13 2026 09:01:27 GMT+0000 (Coordinated Universal Time)
annotator_01,annotator,109824,来临,LiBai,poem,ai,,true,,Thu Aug 13 2026 09:01:28 GMT+0000 (Coordinated Universal Time)
annotator_01,annotator,840,聊聊已经美得无以复加,,nonpoem,news,,true,,Thu Aug 13 2026 09:01:28 GMT+0000 (Coordinated Universal Time)
annotator_01,annotator,382,洛阳女儿行,王维,poem,classic,,true,,Thu Aug 13 2026 09:01:29 GMT+0000 (Coordinated Universal Time)
annotator_01,annotator,877,聊聊林小明,,nonpoem,news,,false,,Thu Aug 13 2026 09:01:30 GMT+0000 (Coordinated Universal Time)
annotator_01,annotator,109936,小树,LiBai,poem,ai,,true,,Thu Aug 13 2026 09:01:31 GMT+0000 (Coordinated Universal Time)
annotator_01,annotator,958,我眼中的最重要的是,,nonpoem,news,,true,,Thu Aug 13 2026 09:01:31 GMT+0000 (Coordinated Universal Time)
annotator_01,annotator,865,关于类似的帖子在雅虎,,nonpoem,news,,false,,Thu Aug 13 2026 09:01:32 GMT+0000 (Coordinated Universal Time)
annotator_01,annotator,110116,无题,,nonpoem,news,,false,,Thu Aug 13 2026 09:01:32 GMT+0000 (Coordinated Universal Time)
annotator_01,annotator,724,今天的社科生vibe,,nonpoem,social,,false,,Thu Aug 13 2026 09:01:33 GMT+0000 (Coordinated Universal Time)
annotator_01,annotator,236,雁儿们,徐志摩,poem,modern,,true,,Thu Aug 13 2026 09:01:33 GMT+0000 (Coordinated Universal Time)
annotator_01,annotator,109852,怀念,LiBai,poem,ai,,true,,Thu Aug 13 2026 09:01:33 GMT+0000 (Coordinated Universal Time)
annotator_01,annotator,645,上新中，然后,,nonpoem,social,,false,,Thu Aug 13 2026 09:01:35 GMT+0000 (Coordinated Universal Time)
annotator_01,annotator,110131,无题,,nonpoem,news,,false,,Thu Aug 13 2026 09:01:35 GMT+0000 (Coordinated Universal Time)
annotator_01,annotator,87,在一个阿拉伯沙漠的村镇上,海子,poem,modern,,true,,Thu Aug 13 2026 09:01:36 GMT+0000 (Coordinated Universal Time)
annotator_01,annotator,109813,冬天的雨,LiBai,poem,ai,,true,,Thu Aug 13 2026 09:01:36 GMT+0000 (Coordinated Universal Time)
annotator_01,annotator,694,很喜欢的一点思考,,nonpoem,social,,false,,Thu Aug 13 2026 09:01:37 GMT+0000 (Coordinated Universal Time)
annotator_01,annotator,621,无题,,nonpoem,social,,false,,Thu Aug 13 2026 09:01:37 GMT+0000 (Coordinated Universal Time)
annotator_01,annotator,109810,遥远的路程,LiBai,poem,ai,,true,,Thu Aug 13 2026 09:01:38 GMT+0000 (Coordinated Universal Time)
annotator_01,annotator,22,一 模糊的小路，使我来到你们中间,顾城,poem,modern,,true,,Thu Aug 13 2026 09:01:39 GMT+0000 (Coordinated Universal Time)
annotator_01,annotator,110057,12日获判有罪，然后,,nonpoem,news,,false,,Thu Aug 13 2026 09:01:39 GMT+0000 (Coordinated Universal Time)
annotator_01,annotator,459,皇风 (1),杜牧,poem,classic,,false,,Thu Aug 13 2026 09:01:39 GMT+0000 (Coordinated Universal Time)
annotator_01,annotator,25,悟,顾城,poem,modern,,true,,Thu Aug 13 2026 09:01:40 GMT+0000 (Coordinated Universal Time)
annotator_01,annotator,110081,聊聊经销商透露说,,nonpoem,news,,false,,Thu Aug 13 2026 09:01:41 GMT+0000 (Coordinated Universal Time)
annotator_01,annotator,561,所见·史炎老师为脱口秀,,nonpoem,social,,false,,Thu Aug 13 2026 09:01:41 GMT+0000 (Coordinated Universal Time)
annotator_01,annotator,211,在那山道旁,徐志摩,poem,modern,,false,,Thu Aug 13 2026 09:01:42 GMT+0000 (Coordinated Universal Time)
annotator_01,annotator,109826,星岛的夜,LiBai,poem,ai,,true,,Thu Aug 13 2026 09:01:42 GMT+0000 (Coordinated Universal Time)
annotator_01,annotator,384,和晋陵陆丞早春游望,杜审言,poem,classic,,true,,Thu Aug 13 2026 09:01:43 GMT+0000 (Coordinated Universal Time)
annotator_01,annotator,842,关于据主办方介绍,,nonpoem,news,,false,,Thu Aug 13 2026 09:01:43 GMT+0000 (Coordinated Universal Time)
annotator_01,annotator,109839,河口,LiBai,poem,ai,,true,,Thu Aug 13 2026 09:01:43 GMT+0000 (Coordinated Universal Time)
annotator_01,annotator,140,六、人,张枣,poem,modern,,true,,Thu Aug 13 2026 09:01:45 GMT+0000 (Coordinated Universal Time)
annotator_01,annotator,109782,秋霜,LiBai,poem,ai,,true,,Thu Aug 13 2026 09:01:45 GMT+0000 (Coordinated Universal Time)
annotator_01,annotator,178,早春二月,张枣,poem,modern,,true,,Thu Aug 13 2026 09:01:45 GMT+0000 (Coordinated Universal Time)
annotator_01,annotator,109820,大自然,LiBai,poem,ai,,true,,Thu Aug 13 2026 09:01:46 GMT+0000 (Coordinated Universal Time)
annotator_01,annotator,832,无题,,nonpoem,news,,true,,Thu Aug 13 2026 09:01:46 GMT+0000 (Coordinated Universal Time)
annotator_01,annotator,109959,我眼中的记者发现,,nonpoem,news,,false,,Thu Aug 13 2026 09:01:47 GMT+0000 (Coordinated Universal Time)
annotator_01,annotator,119,给托尔斯泰,海子,poem,modern,,true,,Thu Aug 13 2026 09:01:47 GMT+0000 (Coordinated Universal Time)
annotator_01,annotator,109976,今天的目前,,nonpoem,news,,false,,Thu Aug 13 2026 09:01:48 GMT+0000 (Coordinated Universal Time)
annotator_01,annotator,698,今天的我的翻译是,,nonpoem,social,,false,,Thu Aug 13 2026 09:01:48 GMT+0000 (Coordinated Universal Time)
annotator_01,annotator,739,关于感觉冷静沉着,,nonpoem,social,,false,,Thu Aug 13 2026 09:01:49 GMT+0000 (Coordinated Universal Time)
annotator_01,annotator,109862,十四行：玫瑰花园,LiBai,poem,ai,,true,,Thu Aug 13 2026 09:01:49 GMT+0000 (Coordinated Universal Time)
annotator_01,annotator,590,确实，然后,,nonpoem,social,,false,,Thu Aug 13 2026 09:01:50 GMT+0000 (Coordinated Universal Time)
annotator_01,annotator,41,我的心爱着世界,顾城,poem,modern,,false,,Thu Aug 13 2026 09:01:50 GMT+0000 (Coordinated Universal Time)
annotator_01,annotator,110064,今天的情感最质朴,,nonpoem,news,,false,,Thu Aug 13 2026 09:01:50 GMT+0000 (Coordinated Universal Time)
annotator_01,annotator,15,自然,顾城,poem,modern,,true,,Thu Aug 13 2026 09:01:52 GMT+0000 (Coordinated Universal Time)
annotator_01,annotator,109931,情诗一束,LiBai,poem,ai,,true,,Thu Aug 13 2026 09:01:52 GMT+0000 (Coordinated Universal Time)
annotator_01,annotator,245,决断,徐志摩,poem,modern,,true,,Thu Aug 13 2026 09:01:53 GMT+0000 (Coordinated Universal Time)
annotator_01,annotator,109995,无题,,nonpoem,news,,false,,Thu Aug 13 2026 09:01:54 GMT+0000 (Coordinated Universal Time)
annotator_01,annotator,837,用来体现，然后,,nonpoem,news,,false,,Thu Aug 13 2026 09:01:54 GMT+0000 (Coordinated Universal Time)
annotator_01,annotator,584,今天的马斯克,,nonpoem,social,,false,,Thu Aug 13 2026 09:01:56 GMT+0000 (Coordinated Universal Time)
annotator_01,annotator,109764,十二岁的广场,LiBai,poem,ai,,true,,Thu Aug 13 2026 09:01:56 GMT+0000 (Coordinated Universal Time)
annotator_01,annotator,771,无题,,nonpoem,news,,false,,Thu Aug 13 2026 09:01:57 GMT+0000 (Coordinated Universal Time)
annotator_01,annotator,688,我眼中的等我放出来,,nonpoem,social,,false,,Thu Aug 13 2026 09:01:58 GMT+0000 (Coordinated Universal Time)
annotator_01,annotator,667,聊聊你去问问,,nonpoem,social,,false,,Thu Aug 13 2026 09:01:59 GMT+0000 (Coordinated Universal Time)
annotator_01,annotator,731,无题,,nonpoem,social,,false,,Thu Aug 13 2026 09:02:00 GMT+0000 (Coordinated Universal Time)
annotator_01,annotator,49,感觉,顾城,poem,modern,,true,,Thu Aug 13 2026 09:02:00 GMT+0000 (Coordinated Universal Time)
annotator_01,annotator,981,聊聊该店店主称,,nonpoem,news,,false,,Thu Aug 13 2026 09:02:01 GMT+0000 (Coordinated Universal Time)
annotator_01,annotator,109911,净土,LiBai,poem,ai,,false,,Thu Aug 13 2026 09:02:02 GMT+0000 (Coordinated Universal Time)
annotator_01,annotator,220,我自己的歌 (1),徐志摩,poem,modern,,false,,Thu Aug 13 2026 09:02:02 GMT+0000 (Coordinated Universal Time)
annotator_01,annotator,90,远方,海子,poem,modern,,true,,Thu Aug 13 2026 09:02:03 GMT+0000 (Coordinated Universal Time)
annotator_01,annotator,65,麦地与诗人,海子,poem,modern,,true,,Thu Aug 13 2026 09:02:03 GMT+0000 (Coordinated Universal Time)
annotator_01,annotator,109833,我的幻想,LiBai,poem,ai,,true,,Thu Aug 13 2026 09:02:03 GMT+0000 (Coordinated Universal Time)
annotator_01,annotator,52,秋望,顾城,poem,modern,,true,,Thu Aug 13 2026 09:02:04 GMT+0000 (Coordinated Universal Time)
annotator_01,annotator,702,十个海子全部醒来，然后,,nonpoem,social,,false,,Thu Aug 13 2026 09:02:05 GMT+0000 (Coordinated Universal Time)
annotator_01,annotator,109802,许许多多时刻,LiBai,poem,ai,,true,,Thu Aug 13 2026 09:02:05 GMT+0000 (Coordinated Universal Time)
annotator_01,annotator,80,九月,海子,poem,modern,,true,,Thu Aug 13 2026 09:02:06 GMT+0000 (Coordinated Universal Time)
annotator_01,annotator,509,无题,,nonpoem,social,,false,,Thu Aug 13 2026 09:02:06 GMT+0000 (Coordinated Universal Time)
annotator_01,annotator,109848,写给脖子上的菩萨,LiBai,poem,ai,,true,,Thu Aug 13 2026 09:02:06 GMT+0000 (Coordinated Universal Time)
annotator_01,annotator,544,我眼中的不求上进的玉子,,nonpoem,social,,false,,Thu Aug 13 2026 09:02:07 GMT+0000 (Coordinated Universal Time)
annotator_01,annotator,110058,无题,,nonpoem,news,,false,,Thu Aug 13 2026 09:02:08 GMT+0000 (Coordinated Universal Time)
annotator_01,annotator,669,无题,,nonpoem,social,,false,,Thu Aug 13 2026 09:02:08 GMT+0000 (Coordinated Universal Time)
annotator_01,annotator,512,无题,,nonpoem,social,,false,,Thu Aug 13 2026 09:02:08 GMT+0000 (Coordinated Universal Time)
annotator_01,annotator,109963,无题,,nonpoem,news,,false,,Thu Aug 13 2026 09:02:09 GMT+0000 (Coordinated Universal Time)
annotator_01,annotator,836,无题,,nonpoem,news,,false,,Thu Aug 13 2026 09:02:09 GMT+0000 (Coordinated Universal Time)
annotator_01,annotator,109939,云朵,LiBai,poem,ai,,true,,Thu Aug 13 2026 09:02:10 GMT+0000 (Coordinated Universal Time)
annotator_01,annotator,110073,无题,,nonpoem,news,,false,,Thu Aug 13 2026 09:02:11 GMT+0000 (Coordinated Universal Time)
annotator_01,annotator,474,过华清宫绝句三首 (1),杜牧,poem,classic,,false,,Thu Aug 13 2026 09:02:12 GMT+0000 (Coordinated Universal Time)
annotator_01,annotator,109812,白夜,LiBai,poem,ai,,true,,Thu Aug 13 2026 09:02:12 GMT+0000 (Coordinated Universal Time)
annotator_01,annotator,109775,小巷,LiBai,poem,ai,,true,,Thu Aug 13 2026 09:02:14 GMT+0000 (Coordinated Universal Time)
annotator_01,annotator,209,罗米欧与朱丽叶 (1) （节译）,徐志摩,poem,modern,,true,,Thu Aug 13 2026 09:02:14 GMT+0000 (Coordinated Universal Time)
annotator_01,annotator,897,今天的的地方11,,nonpoem,news,,false,,Thu Aug 13 2026 09:02:15 GMT+0000 (Coordinated Universal Time)
annotator_01,annotator,110016,关于为避免,,nonpoem,news,,false,,Thu Aug 13 2026 09:02:15 GMT+0000 (Coordinated Universal Time)
annotator_01,annotator,742,今天的文科生也能跑的,,nonpoem,social,,false,,Thu Aug 13 2026 09:02:15 GMT+0000 (Coordinated Universal Time)
annotator_01,annotator,27,祭,顾城,poem,modern,,true,,Thu Aug 13 2026 09:02:16 GMT+0000 (Coordinated Universal Time)
annotator_01,annotator,110011,他说，然后,,nonpoem,news,,false,,Thu Aug 13 2026 09:02:18 GMT+0000 (Coordinated Universal Time)
annotator_01,annotator,630,很喜欢的一点思考,,nonpoem,social,,false,,Thu Aug 13 2026 09:02:18 GMT+0000 (Coordinated Universal Time)
annotator_01,annotator,109965,无题,,nonpoem,news,,false,,Thu Aug 13 2026 09:02:19 GMT+0000 (Coordinated Universal Time)
annotator_01,annotator,907,聊聊荷兰水手埃贝尔,,nonpoem,news,,false,,Thu Aug 13 2026 09:02:19 GMT+0000 (Coordinated Universal Time)
annotator_01,annotator,110018,关于FDA,,nonpoem,news,,false,,Thu Aug 13 2026 09:02:20 GMT+0000 (Coordinated Universal Time)
annotator_01,annotator,175,狷狂的一杯水,张枣,poem,modern,,true,,Thu Aug 13 2026 09:02:20 GMT+0000 (Coordinated Universal Time)
annotator_01,annotator,110003,我眼中的同4年前相比,,nonpoem,news,,false,,Thu Aug 13 2026 09:02:21 GMT+0000 (Coordinated Universal Time)
annotator_01,annotator,550,所见·很喜欢,,nonpoem,social,,false,,Thu Aug 13 2026 09:02:21 GMT+0000 (Coordinated Universal Time)
annotator_01,annotator,133,希尔多夫村的忧郁,张枣,poem,modern,,true,,Thu Aug 13 2026 09:02:22 GMT+0000 (Coordinated Universal Time)
annotator_01,annotator,110062,聊聊热水袋就鼓了起来,,nonpoem,news,,false,,Thu Aug 13 2026 09:02:22 GMT+0000 (Coordinated Universal Time)
annotator_01,annotator,235,你的愉快是无拦阻的逍遥——《云游》,徐志摩,poem,modern,,false,,Thu Aug 13 2026 09:02:23 GMT+0000 (Coordinated Universal Time)
annotator_01,annotator,617,无题,,nonpoem,social,,true,,Thu Aug 13 2026 09:02:23 GMT+0000 (Coordinated Universal Time)
annotator_01,annotator,77,日出,海子,poem,modern,,true,,Thu Aug 13 2026 09:02:25 GMT+0000 (Coordinated Universal Time)
annotator_01,annotator,80,九月,海子,poem,modern,,false,,Thu Aug 13 2026 09:02:25 GMT+0000 (Coordinated Universal Time)
annotator_01,annotator,14,内画,顾城,poem,modern,,true,,Thu Aug 13 2026 09:02:26 GMT+0000 (Coordinated Universal Time)
annotator_01,annotator,589,无题,,nonpoem,social,,false,,Thu Aug 13 2026 09:02:27 GMT+0000 (Coordinated Universal Time)
annotator_01,annotator,871,无题,,nonpoem,news,,false,,Thu Aug 13 2026 09:02:27 GMT+0000 (Coordinated Universal Time)
annotator_01,annotator,109930,给托尔斯泰,LiBai,poem,ai,,true,,Thu Aug 13 2026 09:02:27 GMT+0000 (Coordinated Universal Time)
annotator_01,annotator,566,无题,,nonpoem,social,,false,,Thu Aug 13 2026 09:02:28 GMT+0000 (Coordinated Universal Time)
annotator_01,annotator,109952,给母亲（组诗）,LiBai,poem,ai,,true,,Thu Aug 13 2026 09:02:29 GMT+0000 (Coordinated Universal Time)
annotator_01,annotator,71,怅望祁连（之一）,海子,poem,modern,,true,,Thu Aug 13 2026 09:02:29 GMT+0000 (Coordinated Universal Time)
annotator_01,annotator,818,Live，然后,,nonpoem,news,,false,,Thu Aug 13 2026 09:02:29 GMT+0000 (Coordinated Universal Time)
annotator_01,annotator,169,献给C．R．的一片钥匙,张枣,poem,modern,,true,,Thu Aug 13 2026 09:02:30 GMT+0000 (Coordinated Universal Time)
annotator_01,annotator,109948,七月不远,LiBai,poem,ai,,true,,Thu Aug 13 2026 09:02:31 GMT+0000 (Coordinated Universal Time)
annotator_01,annotator,109918,眼睛,LiBai,poem,ai,,true,,Thu Aug 13 2026 09:02:32 GMT+0000 (Coordinated Universal Time)
annotator_01,annotator,956,无题,,nonpoem,news,,false,,Thu Aug 13 2026 09:02:32 GMT+0000 (Coordinated Universal Time)
annotator_01,annotator,7,自信,顾城,poem,modern,,true,,Thu Aug 13 2026 09:02:32 GMT+0000 (Coordinated Universal Time)
annotator_01,annotator,110083,如果你只答，然后,,nonpoem,news,,false,,Thu Aug 13 2026 09:02:33 GMT+0000 (Coordinated Universal Time)
annotator_01,annotator,851,我眼中的古剑奇谭,,nonpoem,news,,false,,Thu Aug 13 2026 09:02:33 GMT+0000 (Coordinated Universal Time)
annotator_01,annotator,110088,无题,,nonpoem,news,,false,,Thu Aug 13 2026 09:02:34 GMT+0000 (Coordinated Universal Time)
annotator_01,annotator,166,何人斯,张枣,poem,modern,,true,,Thu Aug 13 2026 09:02:34 GMT+0000 (Coordinated Universal Time)
annotator_01,annotator,976,澳大利亚的影响的一点思考,,nonpoem,news,,false,,Thu Aug 13 2026 09:02:35 GMT+0000 (Coordinated Universal Time)
annotator_01,annotator,110087,所见·内裤,,nonpoem,news,,false,,Thu Aug 13 2026 09:02:36 GMT+0000 (Coordinated Universal Time)
annotator_01,annotator,105,秋日想起春天的痛苦 也想起雷锋,海子,poem,modern,,true,,Thu Aug 13 2026 09:02:36 GMT+0000 (Coordinated Universal Time)
annotator_01,annotator,17,路,顾城,poem,modern,,true,,Thu Aug 13 2026 09:02:37 GMT+0000 (Coordinated Universal Time)
annotator_01,annotator,110123,无题,,nonpoem,news,,false,,Thu Aug 13 2026 09:02:38 GMT+0000 (Coordinated Universal Time)
annotator_01,annotator,943,所见·我们搜集了一下格,,nonpoem,news,,false,,Thu Aug 13 2026 09:02:39 GMT+0000 (Coordinated Universal Time)
annotator_01,annotator,990,聊聊和去年同期相比,,nonpoem,news,,false,,Thu Aug 13 2026 09:02:40 GMT+0000 (Coordinated Universal Time)
annotator_01,annotator,848,无题,,nonpoem,news,,false,,Thu Aug 13 2026 09:02:40 GMT+0000 (Coordinated Universal Time)
annotator_01,annotator,110134,无题,,nonpoem,news,,false,,Thu Aug 13 2026 09:02:41 GMT+0000 (Coordinated Universal Time)
annotator_01,annotator,832,无题,,nonpoem,news,,false,,Thu Aug 13 2026 09:02:41 GMT+0000 (Coordinated Universal Time)
annotator_01,annotator,190,无儿,徐志摩,poem,modern,,true,,Thu Aug 13 2026 09:02:42 GMT+0000 (Coordinated Universal Time)
annotator_01,annotator,641,无题,,nonpoem,social,,false,,Thu Aug 13 2026 09:02:42 GMT+0000 (Coordinated Universal Time)
annotator_01,annotator,633,所见·王敖什么时候读过,,nonpoem,social,,false,,Thu Aug 13 2026 09:02:44 GMT+0000 (Coordinated Universal Time)
annotator_01,annotator,110020,关于高精等方向发展,,nonpoem,news,,false,,Thu Aug 13 2026 09:02:44 GMT+0000 (Coordinated Universal Time)
annotator_01,annotator,930,所见·操心命,,nonpoem,news,,false,,Thu Aug 13 2026 09:02:44 GMT+0000 (Coordinated Universal Time)
annotator_01,annotator,12,墓床,顾城,poem,modern,,true,,Thu Aug 13 2026 09:02:46 GMT+0000 (Coordinated Universal Time)
annotator_01,annotator,718,关于是男的,,nonpoem,social,,false,,Thu Aug 13 2026 09:02:46 GMT+0000 (Coordinated Universal Time)
annotator_01,annotator,197,两个月亮,徐志摩,poem,modern,,true,,Thu Aug 13 2026 09:02:47 GMT+0000 (Coordinated Universal Time)
annotator_01,annotator,135,雪,张枣,poem,modern,,true,,Thu Aug 13 2026 09:02:49 GMT+0000 (Coordinated Universal Time)
annotator_01,annotator,109874,历史,LiBai,poem,ai,,false,,Thu Aug 13 2026 09:02:49 GMT+0000 (Coordinated Universal Time)
annotator_01,annotator,109961,关于嗅闻犬,,nonpoem,news,,false,,Thu Aug 13 2026 09:02:51 GMT+0000 (Coordinated Universal Time)
annotator_01,annotator,221,对月 (1),徐志摩,poem,modern,,false,,Thu Aug 13 2026 09:02:51 GMT+0000 (Coordinated Universal Time)
annotator_01,annotator,872,关于美国在台协会,,nonpoem,news,,false,,Thu Aug 13 2026 09:02:53 GMT+0000 (Coordinated Universal Time)
annotator_01,annotator,110005,无题,,nonpoem,news,,false,,Thu Aug 13 2026 09:02:54 GMT+0000 (Coordinated Universal Time)
annotator_01,annotator,18,小萝卜头和鹿,顾城,poem,modern,,true,,Thu Aug 13 2026 09:02:55 GMT+0000 (Coordinated Universal Time)
annotator_01,annotator,20,泡影,顾城,poem,modern,,true,,Thu Aug 13 2026 09:02:56 GMT+0000 (Coordinated Universal Time)
annotator_01,annotator,418,与高适薛据登慈恩寺浮图,岑参,poem,classic,,true,,Thu Aug 13 2026 09:02:57 GMT+0000 (Coordinated Universal Time)
annotator_01,annotator,652,所见·地球在我屁股底下,,nonpoem,social,,false,,Thu Aug 13 2026 09:02:57 GMT+0000 (Coordinated Universal Time)
annotator_01,annotator,849,所见·收盘于2710,,nonpoem,news,,false,,Thu Aug 13 2026 09:02:59 GMT+0000 (Coordinated Universal Time)
annotator_01,annotator,949,无题,,nonpoem,news,,false,,Thu Aug 13 2026 09:03:00 GMT+0000 (Coordinated Universal Time)
annotator_01,annotator,228,残诗,徐志摩,poem,modern,,false,,Thu Aug 13 2026 09:03:01 GMT+0000 (Coordinated Universal Time)
annotator_01,annotator,185,木兰树,张枣,poem,modern,,true,,Thu Aug 13 2026 09:03:02 GMT+0000 (Coordinated Universal Time)
annotator_01,annotator,531,无题,,nonpoem,social,,false,,Thu Aug 13 2026 09:03:03 GMT+0000 (Coordinated Universal Time)
annotator_01,annotator,109799,灯,LiBai,poem,ai,,true,,Thu Aug 13 2026 09:03:04 GMT+0000 (Coordinated Universal Time)
annotator_01,annotator,132,让我指给你看那毁灭的痕迹,张枣,poem,modern,,true,,Thu Aug 13 2026 09:03:05 GMT+0000 (Coordinated Universal Time)
annotator_01,annotator,109868,八月之杯,LiBai,poem,ai,,true,,Thu Aug 13 2026 09:03:05 GMT+0000 (Coordinated Universal Time)
annotator_01,annotator,38,我要成为太阳,顾城,poem,modern,,true,,Thu Aug 13 2026 09:03:06 GMT+0000 (Coordinated Universal Time)
annotator_01,annotator,109923,黄金草原,LiBai,poem,ai,,true,,Thu Aug 13 2026 09:03:07 GMT+0000 (Coordinated Universal Time)
annotator_01,annotator,231,海韵,徐志摩,poem,modern,,false,,Thu Aug 13 2026 09:03:08 GMT+0000 (Coordinated Universal Time)
annotator_01,annotator,225,我有一个恋爱,徐志摩,poem,modern,,true,,Thu Aug 13 2026 09:03:09 GMT+0000 (Coordinated Universal Time)
annotator_01,annotator,768,所见·当天上午九时许,,nonpoem,news,,false,,Thu Aug 13 2026 09:03:10 GMT+0000 (Coordinated Universal Time)
annotator_01,annotator,125,麓山的回忆,张枣,poem,modern,,true,,Thu Aug 13 2026 09:03:11 GMT+0000 (Coordinated Universal Time)
annotator_01,annotator,81,大自然,海子,poem,modern,,true,,Thu Aug 13 2026 09:03:12 GMT+0000 (Coordinated Universal Time)
annotator_01,annotator,57,愁悟,顾城,poem,modern,,true,,Thu Aug 13 2026 09:03:13 GMT+0000 (Coordinated Universal Time)
annotator_01,annotator,667,聊聊你去问问,,nonpoem,social,,true,,Thu Aug 13 2026 09:03:15 GMT+0000 (Coordinated Universal Time)
annotator_01,annotator,829,87的一点思考,,nonpoem,news,,false,,Thu Aug 13 2026 09:03:15 GMT+0000 (Coordinated Universal Time)
annotator_01,annotator,441,盆池 (1),杜牧,poem,classic,,false,,Thu Aug 13 2026 09:03:17 GMT+0000 (Coordinated Universal Time)
annotator_01,annotator,109882,我把刀给你们,LiBai,poem,ai,,false,,Thu Aug 13 2026 09:03:17 GMT+0000 (Coordinated Universal Time)
annotator_01,annotator,4,小贩,顾城,poem,modern,,true,,Thu Aug 13 2026 09:03:17 GMT+0000 (Coordinated Universal Time)
annotator_01,annotator,307,赠朐山杨宰,李中,poem,classic,,true,,Thu Aug 13 2026 09:03:18 GMT+0000 (Coordinated Universal Time)
annotator_01,annotator,888,无题,,nonpoem,news,,false,,Thu Aug 13 2026 09:03:18 GMT+0000 (Coordinated Universal Time)
annotator_01,annotator,109795,小旗,LiBai,poem,ai,,true,,Thu Aug 13 2026 09:03:19 GMT+0000 (Coordinated Universal Time)
annotator_01,annotator,550,所见·很喜欢,,nonpoem,social,,false,,Thu Aug 13 2026 09:03:19 GMT+0000 (Coordinated Universal Time)
annotator_01,annotator,227,毒药,徐志摩,poem,modern,,false,,Thu Aug 13 2026 09:03:20 GMT+0000 (Coordinated Universal Time)
annotator_01,annotator,124,海子小夜曲,海子,poem,modern,,true,,Thu Aug 13 2026 09:03:20 GMT+0000 (Coordinated Universal Time)
annotator_01,annotator,109793,拂晓,LiBai,poem,ai,,true,,Thu Aug 13 2026 09:03:21 GMT+0000 (Coordinated Universal Time)
annotator_01,annotator,689,无题,,nonpoem,social,,true,,Thu Aug 13 2026 09:03:21 GMT+0000 (Coordinated Universal Time)
annotator_01,annotator,186,吴刚的怨诉,张枣,poem,modern,,false,,Thu Aug 13 2026 09:03:22 GMT+0000 (Coordinated Universal Time)
annotator_01,annotator,672,聊聊好幸福,,nonpoem,social,,false,,Thu Aug 13 2026 09:03:23 GMT+0000 (Coordinated Universal Time)
annotator_01,annotator,114,长发飞舞的姑娘,海子,poem,modern,,false,,Thu Aug 13 2026 09:03:23 GMT+0000 (Coordinated Universal Time)
annotator_01,annotator,778,所见·前值,,nonpoem,news,,false,,Thu Aug 13 2026 09:03:24 GMT+0000 (Coordinated Universal Time)
annotator_01,annotator,246,叫化活该,徐志摩,poem,modern,,false,,Thu Aug 13 2026 09:03:25 GMT+0000 (Coordinated Universal Time)
annotator_01,annotator,546,今天的他始终保持着写作,,nonpoem,social,,false,,Thu Aug 13 2026 09:03:25 GMT+0000 (Coordinated Universal Time)
annotator_01,annotator,990,聊聊和去年同期相比,,nonpoem,news,,false,,Thu Aug 13 2026 09:03:26 GMT+0000 (Coordinated Universal Time)
annotator_01,annotator,109884,我耕耘,LiBai,poem,ai,,false,,Thu Aug 13 2026 09:03:26 GMT+0000 (Coordinated Universal Time)
annotator_01,annotator,218,季候,徐志摩,poem,modern,,false,,Thu Aug 13 2026 09:03:26 GMT+0000 (Coordinated Universal Time)
annotator_01,annotator,520,关于天空出现了彩虹,,nonpoem,social,,false,,Thu Aug 13 2026 09:03:28 GMT+0000 (Coordinated Universal Time)
annotator_01,annotator,139,娟娟,张枣,poem,modern,,true,,Thu Aug 13 2026 09:03:29 GMT+0000 (Coordinated Universal Time)
annotator_01,annotator,108,给萨福,海子,poem,modern,,true,,Thu Aug 13 2026 09:03:30 GMT+0000 (Coordinated Universal Time)
annotator_01,annotator,212,落叶小唱,徐志摩,poem,modern,,true,,Thu Aug 13 2026 09:03:31 GMT+0000 (Coordinated Universal Time)
annotator_01,annotator,712,无题,,nonpoem,social,,false,,Thu Aug 13 2026 09:03:32 GMT+0000 (Coordinated Universal Time)
annotator_01,annotator,109845,友谊,LiBai,poem,ai,,true,,Thu Aug 13 2026 09:03:33 GMT+0000 (Coordinated Universal Time)
annotator_01,annotator,982,所见·周一,,nonpoem,news,,false,,Thu Aug 13 2026 09:03:34 GMT+0000 (Coordinated Universal Time)
annotator_01,annotator,224,泰山,徐志摩,poem,modern,,true,,Thu Aug 13 2026 09:03:35 GMT+0000 (Coordinated Universal Time)
annotator_01,annotator,109941,火葬,LiBai,poem,ai,,true,,Thu Aug 13 2026 09:03:36 GMT+0000 (Coordinated Universal Time)
annotator_01,annotator,209,罗米欧与朱丽叶 (1) （节译）,徐志摩,poem,modern,,false,,Thu Aug 13 2026 09:03:36 GMT+0000 (Coordinated Universal Time)
annotator_01,annotator,46,有时，我真想,顾城,poem,modern,,true,,Thu Aug 13 2026 09:03:37 GMT+0000 (Coordinated Universal Time)
annotator_01,annotator,110111,所见·今日截止,,nonpoem,social,,false,,Thu Aug 13 2026 09:03:37 GMT+0000 (Coordinated Universal Time)
annotator_01,annotator,967,我眼中的他笑着说,,nonpoem,news,,false,,Thu Aug 13 2026 09:03:38 GMT+0000 (Coordinated Universal Time)
annotator_01,annotator,110109,聊聊导语,,nonpoem,news,,false,,Thu Aug 13 2026 09:03:39 GMT+0000 (Coordinated Universal Time)
annotator_01,annotator,743,无题,,nonpoem,social,,false,,Thu Aug 13 2026 09:03:39 GMT+0000 (Coordinated Universal Time)
annotator_01,annotator,110031,聊聊经济和金融中心,,nonpoem,news,,false,,Thu Aug 13 2026 09:03:40 GMT+0000 (Coordinated Universal Time)
annotator_01,annotator,64,黑翅膀,海子,poem,modern,,true,,Thu Aug 13 2026 09:03:40 GMT+0000 (Coordinated Universal Time)
annotator_01,annotator,737,所以是78，然后,,nonpoem,social,,false,,Thu Aug 13 2026 09:03:40 GMT+0000 (Coordinated Universal Time)
annotator_01,annotator,109985,无题,,nonpoem,news,,false,,Thu Aug 13 2026 09:03:41 GMT+0000 (Coordinated Universal Time)
annotator_01,annotator,542,无题,,nonpoem,social,,false,,Thu Aug 13 2026 09:03:41 GMT+0000 (Coordinated Universal Time)
annotator_01,annotator,932,关于活动二,,nonpoem,news,,false,,Thu Aug 13 2026 09:03:42 GMT+0000 (Coordinated Universal Time)
annotator_01,annotator,110045,预估值的一点思考,,nonpoem,news,,false,,Thu Aug 13 2026 09:03:42 GMT+0000 (Coordinated Universal Time)
annotator_01,annotator,216,月下待杜鹃不来,徐志摩,poem,modern,,false,,Thu Aug 13 2026 09:03:43 GMT+0000 (Coordinated Universal Time)
annotator_01,annotator,110041,我眼中的邀请全国人大教科,,nonpoem,news,,false,,Thu Aug 13 2026 09:03:43 GMT+0000 (Coordinated Universal Time)
annotator_01,annotator,67,生日,海子,poem,modern,,true,,Thu Aug 13 2026 09:03:44 GMT+0000 (Coordinated Universal Time)
annotator_01,annotator,749,无题,,nonpoem,social,,false,,Thu Aug 13 2026 09:03:45 GMT+0000 (Coordinated Universal Time)
annotator_01,annotator,799,无题,,nonpoem,news,,false,,Thu Aug 13 2026 09:03:45 GMT+0000 (Coordinated Universal Time)
annotator_01,annotator,940,今天的他表示,,nonpoem,news,,false,,Thu Aug 13 2026 09:03:46 GMT+0000 (Coordinated Universal Time)
annotator_01,annotator,835,今天的这款被命名为,,nonpoem,news,,false,,Thu Aug 13 2026 09:03:47 GMT+0000 (Coordinated Universal Time)
annotator_01,annotator,279,朝课,白居易,poem,classic,,true,,Thu Aug 13 2026 09:03:47 GMT+0000 (Coordinated Universal Time)
annotator_01,annotator,693,聊聊不分男女,,nonpoem,social,,false,,Thu Aug 13 2026 09:03:48 GMT+0000 (Coordinated Universal Time)
annotator_01,annotator,675,聊聊帮你写App端,,nonpoem,social,,false,,Thu Aug 13 2026 09:03:49 GMT+0000 (Coordinated Universal Time)
annotator_01,annotator,10,回归,顾城,poem,modern,,true,,Thu Aug 13 2026 09:03:50 GMT+0000 (Coordinated Universal Time)
annotator_01,annotator,144,危险的旅程,张枣,poem,modern,,true,,Thu Aug 13 2026 09:03:52 GMT+0000 (Coordinated Universal Time)
annotator_01,annotator,807,所见·所拥有的博客模式,,nonpoem,news,,false,,Thu Aug 13 2026 09:03:54 GMT+0000 (Coordinated Universal Time)
annotator_01,annotator,522,无题,,nonpoem,social,,false,,Thu Aug 13 2026 09:03:55 GMT+0000 (Coordinated Universal Time)
annotator_01,annotator,159,那使人忧伤的是什么？,张枣,poem,modern,,true,,Thu Aug 13 2026 09:03:56 GMT+0000 (Coordinated Universal Time)
annotator_01,annotator,128,丽达与天鹅,张枣,poem,modern,,true,,Thu Aug 13 2026 09:03:57 GMT+0000 (Coordinated Universal Time)
annotator_01,annotator,167,护身符,张枣,poem,modern,,true,,Thu Aug 13 2026 09:03:59 GMT+0000 (Coordinated Universal Time)
annotator_01,annotator,127,别了，威茨堡,张枣,poem,modern,,false,,Thu Aug 13 2026 09:04:02 GMT+0000 (Coordinated Universal Time)
annotator_01,annotator,584,今天的马斯克,,nonpoem,social,,false,,Thu Aug 13 2026 09:04:05 GMT+0000 (Coordinated Universal Time)
annotator_01,annotator,88,公爵的私生女,海子,poem,modern,,true,,Thu Aug 13 2026 09:04:07 GMT+0000 (Coordinated Universal Time)
annotator_01,annotator,109933,太阳和野花,LiBai,poem,ai,,false,,Thu Aug 13 2026 09:04:08 GMT+0000 (Coordinated Universal Time)
annotator_01,annotator,304,赠人,滕传胤,poem,classic,,true,,Thu Aug 13 2026 09:04:08 GMT+0000 (Coordinated Universal Time)
annotator_01,annotator,109929,无名的小花,LiBai,poem,ai,,true,,Thu Aug 13 2026 09:04:10 GMT+0000 (Coordinated Universal Time)
annotator_01,annotator,348,和段校书冬夕寄题庐山,刘得仁,poem,classic,,true,,Thu Aug 13 2026 09:04:10 GMT+0000 (Coordinated Universal Time)
annotator_01,annotator,646,关于彩妆,,nonpoem,social,,false,,Thu Aug 13 2026 09:04:12 GMT+0000 (Coordinated Universal Time)
annotator_01,annotator,109822,方舟,LiBai,poem,ai,,true,,Thu Aug 13 2026 09:04:12 GMT+0000 (Coordinated Universal Time)
annotator_01,annotator,110067,无题,,nonpoem,news,,false,,Thu Aug 13 2026 09:04:13 GMT+0000 (Coordinated Universal Time)
annotator_01,annotator,837,用来体现，然后,,nonpoem,news,,false,,Thu Aug 13 2026 09:04:14 GMT+0000 (Coordinated Universal Time)
annotator_01,annotator,170,天鹅,张枣,poem,modern,,true,,Thu Aug 13 2026 09:04:16 GMT+0000 (Coordinated Universal Time)
annotator_01,annotator,601,无题,,nonpoem,social,,false,,Thu Aug 13 2026 09:04:17 GMT+0000 (Coordinated Universal Time)
annotator_01,annotator,191,悲思,徐志摩,poem,modern,,false,,Thu Aug 13 2026 09:04:19 GMT+0000 (Coordinated Universal Time)
annotator_01,annotator,325,皇帝上礼抚事述怀,李峤,poem,classic,,true,,Thu Aug 13 2026 09:04:21 GMT+0000 (Coordinated Universal Time)
annotator_01,annotator,420,春思,李白,poem,classic,,true,,Thu Aug 13 2026 09:04:23 GMT+0000 (Coordinated Universal Time)
annotator_01,annotator,357,春宫曲,王昌龄,poem,classic,,true,,Thu Aug 13 2026 09:04:24 GMT+0000 (Coordinated Universal Time)
annotator_01,annotator,497,自贻,杜牧,poem,classic,,false,,Thu Aug 13 2026 09:04:26 GMT+0000 (Coordinated Universal Time)
annotator_01,annotator,697,无题,,nonpoem,social,,false,,Thu Aug 13 2026 09:04:28 GMT+0000 (Coordinated Universal Time)
annotator_01,annotator,156,枯坐,张枣,poem,modern,,true,,Thu Aug 13 2026 09:04:31 GMT+0000 (Coordinated Universal Time)
annotator_01,annotator,585,我眼中的飞羽,,nonpoem,social,,false,,Thu Aug 13 2026 09:04:32 GMT+0000 (Coordinated Universal Time)
annotator_01,annotator,283,寄何崇丘员外,齐己,poem,classic,,true,,Thu Aug 13 2026 09:04:33 GMT+0000 (Coordinated Universal Time)
annotator_01,annotator,450,鸦,杜牧,poem,classic,,false,,Thu Aug 13 2026 09:04:35 GMT+0000 (Coordinated Universal Time)
annotator_01,annotator,109791,在尘土之上,LiBai,poem,ai,,true,,Thu Aug 13 2026 09:04:35 GMT+0000 (Coordinated Universal Time)
annotator_01,annotator,268,华山寻隐者,李频,poem,classic,,true,,Thu Aug 13 2026 09:04:37 GMT+0000 (Coordinated Universal Time)
annotator_01,annotator,168,刺客之歌,张枣,poem,modern,,false,,Thu Aug 13 2026 09:04:39 GMT+0000 (Coordinated Universal Time)
annotator_01,annotator,259,咏怀,白居易,poem,classic,,true,,Thu Aug 13 2026 09:04:40 GMT+0000 (Coordinated Universal Time)
annotator_01,annotator,644,所见·可视化创作时间轴,,nonpoem,social,,false,,Thu Aug 13 2026 09:04:41 GMT+0000 (Coordinated Universal Time)
annotator_01,annotator,732,关于拯救卤味计划,,nonpoem,social,,true,,Thu Aug 13 2026 09:04:43 GMT+0000 (Coordinated Universal Time)
annotator_01,annotator,212,落叶小唱,徐志摩,poem,modern,,false,,Thu Aug 13 2026 09:04:45 GMT+0000 (Coordinated Universal Time)
annotator_01,annotator,663,今天的斯基逃难中,,nonpoem,social,,false,,Thu Aug 13 2026 09:04:47 GMT+0000 (Coordinated Universal Time)
annotator_01,annotator,664,聊聊怎么下,,nonpoem,social,,false,,Thu Aug 13 2026 09:04:48 GMT+0000 (Coordinated Universal Time)
annotator_01,annotator,308,塞上曲,裴说,poem,classic,,true,,Thu Aug 13 2026 09:04:49 GMT+0000 (Coordinated Universal Time)
annotator_01,annotator,91,阿尔的太阳,海子,poem,modern,,false,,Thu Aug 13 2026 09:04:51 GMT+0000 (Coordinated Universal Time)
annotator_01,annotator,993,无题,,nonpoem,news,,false,,Thu Aug 13 2026 09:04:52 GMT+0000 (Coordinated Universal Time)
annotator_01,annotator,636,今天的同时,,nonpoem,social,,false,,Thu Aug 13 2026 09:04:55 GMT+0000 (Coordinated Universal Time)
annotator_01,annotator,112,十四行：玫瑰花,海子,poem,modern,,true,,Thu Aug 13 2026 09:04:58 GMT+0000 (Coordinated Universal Time)
annotator_01,annotator,225,我有一个恋爱,徐志摩,poem,modern,,false,,Thu Aug 13 2026 09:05:08 GMT+0000 (Coordinated Universal Time)
annotator_01,annotator,6,生命幻想曲,顾城,poem,modern,,true,,Thu Aug 13 2026 09:05:12 GMT+0000 (Coordinated Universal Time)
annotator_01,annotator,572,关于v2,,nonpoem,social,,false,,Thu Aug 13 2026 09:05:15 GMT+0000 (Coordinated Universal Time)
annotator_01,annotator,60,小巷,顾城,poem,modern,,true,,Thu Aug 13 2026 09:05:16 GMT+0000 (Coordinated Universal Time)
annotator_01,annotator,882,无题,,nonpoem,news,,false,,Thu Aug 13 2026 09:05:19 GMT+0000 (Coordinated Universal Time)
annotator_01,annotator,380,古意,李颀,poem,classic,,true,,Thu Aug 13 2026 09:05:31 GMT+0000 (Coordinated Universal Time)
annotator_01,annotator,710,关于Infle,,nonpoem,social,,false,,Thu Aug 13 2026 09:05:33 GMT+0000 (Coordinated Universal Time)
annotator_01,annotator,469,归 (1) 家 (2),杜牧,poem,classic,,false,,Thu Aug 13 2026 09:05:35 GMT+0000 (Coordinated Universal Time)
annotator_01,annotator,109855,喜玛拉雅,LiBai,poem,ai,,true,,Thu Aug 13 2026 09:05:37 GMT+0000 (Coordinated Universal Time)
annotator_01,annotator,109907,写给脖子上的菩萨,LiBai,poem,ai,,true,,Thu Aug 13 2026 09:05:43 GMT+0000 (Coordinated Universal Time)
annotator_01,annotator,109827,小春天的谣曲,LiBai,poem,ai,,true,,Thu Aug 13 2026 09:05:45 GMT+0000 (Coordinated Universal Time)
annotator_01,annotator,109992,聊聊笑笑对方先生死心,,nonpoem,news,,false,,Thu Aug 13 2026 09:05:48 GMT+0000 (Coordinated Universal Time)
annotator_01,annotator,110124,无题,,nonpoem,social,,false,,Thu Aug 13 2026 09:05:50 GMT+0000 (Coordinated Universal Time)
annotator_01,annotator,109859,窗外的夏天,LiBai,poem,ai,,true,,Thu Aug 13 2026 09:05:52 GMT+0000 (Coordinated Universal Time)
annotator_01,annotator,110063,无题,,nonpoem,news,,false,,Thu Aug 13 2026 09:05:54 GMT+0000 (Coordinated Universal Time)
annotator_01,annotator,110013,给它量了，然后,,nonpoem,news,,false,,Thu Aug 13 2026 09:05:56 GMT+0000 (Coordinated Universal Time)
annotator_01,annotator,109773,眨眼,LiBai,poem,ai,,true,,Thu Aug 13 2026 09:05:57 GMT+0000 (Coordinated Universal Time)
annotator_01,annotator,109981,无题,,nonpoem,news,,false,,Thu Aug 13 2026 09:05:59 GMT+0000 (Coordinated Universal Time)
annotator_01,annotator,109804,弧线,LiBai,poem,ai,,true,,Thu Aug 13 2026 09:06:00 GMT+0000 (Coordinated Universal Time)
annotator_01,annotator,109803,生殖,LiBai,poem,ai,,true,,Thu Aug 13 2026 09:06:01 GMT+0000 (Coordinated Universal Time)
annotator_01,annotator,109955,无题,,nonpoem,news,,false,,Thu Aug 13 2026 09:06:02 GMT+0000 (Coordinated Universal Time)
annotator_01,annotator,110051,轩辕剑三的一点思考,,nonpoem,news,,false,,Thu Aug 13 2026 09:06:03 GMT+0000 (Coordinated Universal Time)
annotator_01,annotator,110040,无题,,nonpoem,news,,false,,Thu Aug 13 2026 09:06:05 GMT+0000 (Coordinated Universal Time)
annotator_01,annotator,110049,无题,,nonpoem,news,,false,,Thu Aug 13 2026 09:06:06 GMT+0000 (Coordinated Universal Time)
annotator_01,annotator,109890,祭,LiBai,poem,ai,,true,,Thu Aug 13 2026 09:06:07 GMT+0000 (Coordinated Universal Time)
annotator_01,annotator,110069,无题,,nonpoem,news,,false,,Thu Aug 13 2026 09:06:16 GMT+0000 (Coordinated Universal Time)
annotator_01,annotator,109875,给安庆,LiBai,poem,ai,,false,,Thu Aug 13 2026 09:06:19 GMT+0000 (Coordinated Universal Time)
annotator_01,annotator,110071,今天的钟嘉欣,,nonpoem,news,,false,,Thu Aug 13 2026 09:06:20 GMT+0000 (Coordinated Universal Time)
annotator_01,annotator,109902,无名的小花,LiBai,poem,ai,,true,,Thu Aug 13 2026 09:06:21 GMT+0000 (Coordinated Universal Time)
annotator_01,annotator,110140,无题,,nonpoem,news,,false,,Thu Aug 13 2026 09:06:23 GMT+0000 (Coordinated Universal Time)
annotator_01,annotator,110112,聊聊远道闻讣,,nonpoem,news,,false,,Thu Aug 13 2026 09:06:26 GMT+0000 (Coordinated Universal Time)
annotator_01,annotator,109928,雪,LiBai,poem,ai,,false,,Thu Aug 13 2026 09:06:44 GMT+0000 (Coordinated Universal Time)
annotator_01,annotator,110105,我眼中的布克组织的这项赛,,nonpoem,news,,false,,Thu Aug 13 2026 09:06:45 GMT+0000 (Coordinated Universal Time)
annotator_01,annotator,109778,公爵的私生女,LiBai,poem,ai,,false,,Thu Aug 13 2026 09:06:55 GMT+0000 (Coordinated Universal Time)
annotator_01,annotator,110038,无题,,nonpoem,news,,false,,Thu Aug 13 2026 09:06:57 GMT+0000 (Coordinated Universal Time)
annotator_02,annotator,109937,许多时间，像烟,LiBai,poem,ai,,true,,Thu Aug 13 2026 09:07:02 GMT+0000 (Coordinated Universal Time)
annotator_01,annotator,109829,十四行：玫瑰花园,LiBai,poem,ai,,false,,Thu Aug 13 2026 09:07:06 GMT+0000 (Coordinated Universal Time)
annotator_01,annotator,110053,我眼中的the,,nonpoem,news,,false,,Thu Aug 13 2026 09:07:07 GMT+0000 (Coordinated Universal Time)
annotator_01,annotator,109971,所见·质疑王永祥受到龚,,nonpoem,news,,false,,Thu Aug 13 2026 09:07:10 GMT+0000 (Coordinated Universal Time)
annotator_01,annotator,110012,聊聊即2,,nonpoem,news,,false,,Thu Aug 13 2026 09:07:12 GMT+0000 (Coordinated Universal Time)
annotator_01,annotator,109769,情诗一束,LiBai,poem,ai,,true,,Thu Aug 13 2026 09:07:14 GMT+0000 (Coordinated Universal Time)
annotator_01,annotator,109938,给我逝去的老祖母,LiBai,poem,ai,,true,,Thu Aug 13 2026 09:07:16 GMT+0000 (Coordinated Universal Time)
annotator_01,annotator,109904,小旗,LiBai,poem,ai,,true,,Thu Aug 13 2026 09:07:18 GMT+0000 (Coordinated Universal Time)
annotator_01,annotator,110030,聊聊EW600耳机,,nonpoem,news,,false,,Thu Aug 13 2026 09:07:20 GMT+0000 (Coordinated Universal Time)
annotator_01,annotator,110077,我眼中的据变电站的工作人,,nonpoem,news,,false,,Thu Aug 13 2026 09:07:21 GMT+0000 (Coordinated Universal Time)
annotator_01,annotator,109988,无题,,nonpoem,news,,false,,Thu Aug 13 2026 09:07:22 GMT+0000 (Coordinated Universal Time)
annotator_01,annotator,109797,十四行：夜晚的月亮,LiBai,poem,ai,,true,,Thu Aug 13 2026 09:07:24 GMT+0000 (Coordinated Universal Time)
annotator_01,annotator,109973,所见·其实,,nonpoem,news,,false,,Thu Aug 13 2026 09:07:25 GMT+0000 (Coordinated Universal Time)
annotator_01,annotator,109922,马、火、灰，鼎,LiBai,poem,ai,,false,,Thu Aug 13 2026 09:07:34 GMT+0000 (Coordinated Universal Time)
annotator_01,annotator,110061,聊聊08十佳华语片,,nonpoem,news,,false,,Thu Aug 13 2026 09:07:35 GMT+0000 (Coordinated Universal Time)
annotator_02,annotator,109825,黎明 一首小诗,LiBai,poem,ai,,true,,Thu Aug 13 2026 09:07:35 GMT+0000 (Coordinated Universal Time)
annotator_02,annotator,110030,聊聊EW600耳机,,nonpoem,news,,false,,Thu Aug 13 2026 09:07:38 GMT+0000 (Coordinated Universal Time)
annotator_01,annotator,109921,分布,LiBai,poem,ai,,false,,Thu Aug 13 2026 09:07:43 GMT+0000 (Coordinated Universal Time)
annotator_02,annotator,109936,小树,LiBai,poem,ai,,true,,Thu Aug 13 2026 09:07:46 GMT+0000 (Coordinated Universal Time)
annotator_01,annotator,110132,我眼中的此前,,nonpoem,news,,false,,Thu Aug 13 2026 09:07:47 GMT+0000 (Coordinated Universal Time)
annotator_01,annotator,110017,聊聊而是基于peer,,nonpoem,news,,false,,Thu Aug 13 2026 09:07:48 GMT+0000 (Coordinated Universal Time)
annotator_01,annotator,109893,阿尔的太阳,LiBai,poem,ai,,true,,Thu Aug 13 2026 09:07:51 GMT+0000 (Coordinated Universal Time)
annotator_01,annotator,110026,无题,,nonpoem,news,,false,,Thu Aug 13 2026 09:07:52 GMT+0000 (Coordinated Universal Time)
annotator_01,annotator,109823,佛语,LiBai,poem,ai,,false,,Thu Aug 13 2026 09:07:54 GMT+0000 (Coordinated Universal Time)
annotator_01,annotator,110130,今天的男性为12,,nonpoem,news,,false,,Thu Aug 13 2026 09:07:55 GMT+0000 (Coordinated Universal Time)
annotator_02,annotator,109887,我把刀给你们,LiBai,poem,ai,,true,,Thu Aug 13 2026 09:07:57 GMT+0000 (Coordinated Universal Time)
annotator_01,annotator,109846,感动,LiBai,poem,ai,,true,,Thu Aug 13 2026 09:08:01 GMT+0000 (Coordinated Universal Time)
annotator_01,annotator,109815,小风景,LiBai,poem,ai,,true,,Thu Aug 13 2026 09:08:03 GMT+0000 (Coordinated Universal Time)
annotator_02,annotator,109774,给B的生日,LiBai,poem,ai,,true,,Thu Aug 13 2026 09:08:08 GMT+0000 (Coordinated Universal Time)
annotator_02,annotator,110001,首映式上，然后,,nonpoem,news,,false,,Thu Aug 13 2026 09:08:11 GMT+0000 (Coordinated Universal Time)
annotator_01,annotator,109925,浅色的影子,LiBai,poem,ai,,false,,Thu Aug 13 2026 09:08:16 GMT+0000 (Coordinated Universal Time)
annotator_01,annotator,109905,净土,LiBai,poem,ai,,false,,Thu Aug 13 2026 09:08:20 GMT+0000 (Coordinated Universal Time)
annotator_01,annotator,110035,今天的髻的头发,,nonpoem,news,,false,,Thu Aug 13 2026 09:08:22 GMT+0000 (Coordinated Universal Time)
annotator_01,annotator,109895,九月,LiBai,poem,ai,,true,,Thu Aug 13 2026 09:08:26 GMT+0000 (Coordinated Universal Time)
annotator_01,annotator,110004,今天的种犯罪,,nonpoem,news,,false,,Thu Aug 13 2026 09:08:28 GMT+0000 (Coordinated Universal Time)
annotator_01,annotator,110021,无题,,nonpoem,news,,false,,Thu Aug 13 2026 09:08:29 GMT+0000 (Coordinated Universal Time)
annotator_01,annotator,109866,墓床,LiBai,poem,ai,,true,,Thu Aug 13 2026 09:08:34 GMT+0000 (Coordinated Universal Time)
annotator_01,annotator,109840,一 模糊的小路，使我来到你们中间,LiBai,poem,ai,,false,,Thu Aug 13 2026 09:08:37 GMT+0000 (Coordinated Universal Time)
annotator_01,annotator,109991,我眼中的帅哥靓女云集,,nonpoem,news,,false,,Thu Aug 13 2026 09:08:38 GMT+0000 (Coordinated Universal Time)
annotator_01,annotator,110144,关于胡锦涛表示,,nonpoem,news,,false,,Thu Aug 13 2026 09:08:40 GMT+0000 (Coordinated Universal Time)
annotator_02,annotator,109493,我请求：雨,Haizi,poem,ai,,true,,Thu Aug 13 2026 09:09:24 GMT+0000 (Coordinated Universal Time)
annotator_02,annotator,109435,我请求：雨,Haizi,poem,ai,,false,,Thu Aug 13 2026 09:09:43 GMT+0000 (Coordinated Universal Time)
annotator_02,annotator,109378,不要说了，我不会屈服,GuCheng,poem,ai,,true,,Thu Aug 13 2026 09:10:50 GMT+0000 (Coordinated Universal Time)
annotator_02,annotator,109725,无题,,nonpoem,news,,false,,Thu Aug 13 2026 09:10:53 GMT+0000 (Coordinated Universal Time)
annotator_02,annotator,109424,我请求：雨,Haizi,poem,ai,,true,,Thu Aug 13 2026 09:11:08 GMT+0000 (Coordinated Universal Time)
annotator_02,annotator,109564,我们相信,LiBai,poem,ai,,true,,Thu Aug 13 2026 09:11:29 GMT+0000 (Coordinated Universal Time)
annotator_02,annotator,109389,一代人,GuCheng,poem,ai,,false,,Thu Aug 13 2026 09:11:37 GMT+0000 (Coordinated Universal Time)
annotator_02,annotator,109441,远方,Haizi,poem,ai,,true,,Thu Aug 13 2026 09:11:59 GMT+0000 (Coordinated Universal Time)
annotator_02,annotator,109477,房屋,Haizi,poem,ai,,true,,Thu Aug 13 2026 09:12:16 GMT+0000 (Coordinated Universal Time)
annotator_02,annotator,109455,肉体（之二）,Haizi,poem,ai,,true,,Thu Aug 13 2026 09:12:42 GMT+0000 (Coordinated Universal Time)
annotator_02,annotator,109542,在这宽大明亮的世界上,Haizi-CN,poem,ai,,true,,Thu Aug 13 2026 09:16:45 GMT+0000 (Coordinated Universal Time)
annotator_02,annotator,109644,今天的使双腿显得更加纤,,nonpoem,news,,false,,Thu Aug 13 2026 09:16:50 GMT+0000 (Coordinated Universal Time)
annotator_02,annotator,109662,无题,,nonpoem,news,,false,,Thu Aug 13 2026 09:16:54 GMT+0000 (Coordinated Universal Time)
annotator_02,annotator,109416,黎明 一首小诗,Haizi,poem,ai,,false,,Thu Aug 13 2026 09:17:42 GMT+0000 (Coordinated Universal Time)
annotator_02,annotator,109632,关于广发期货宏观研究,,nonpoem,news,,false,,Thu Aug 13 2026 09:17:45 GMT+0000 (Coordinated Universal Time)
annotator_02,annotator,109680,无题,,nonpoem,news,,false,,Thu Aug 13 2026 09:17:51 GMT+0000 (Coordinated Universal Time)
annotator_02,annotator,109742,我眼中的记者,,nonpoem,news,,false,,Thu Aug 13 2026 09:17:58 GMT+0000 (Coordinated Universal Time)
annotator_02,annotator,109476,亚洲铜,Haizi,poem,ai,,true,,Thu Aug 13 2026 09:18:08 GMT+0000 (Coordinated Universal Time)
annotator_02,annotator,109461,幸福的一日 致秋天的花楸树,Haizi,poem,ai,,true,3,Thu Aug 13 2026 09:49:19 GMT+0000 (Coordinated Universal Time)
annotator_02,annotator,109885,桃花时节,LiBai,poem,ai,,true,3,Thu Aug 13 2026 10:19:26 GMT+0000 (Coordinated Universal Time)
annotator_02,annotator,109908,星月的来由,LiBai,poem,ai,,true,3,Thu Aug 13 2026 10:19:28 GMT+0000 (Coordinated Universal Time)
annotator_02,annotator,110147,无题,,nonpoem,news,,true,1,Thu Aug 13 2026 10:19:31 GMT+0000 (Coordinated Universal Time)
annotator_02,annotator,109901,门前,LiBai,poem,ai,,true,3,Thu Aug 13 2026 10:19:40 GMT+0000 (Coordinated Universal Time)
annotator_02,annotator,110074,无题,,nonpoem,news,,false,,Thu Aug 13 2026 10:19:41 GMT+0000 (Coordinated Universal Time)
annotator_06,annotator,109953,十四行：玫瑰花园,LiBai,poem,ai,,false,,Thu Aug 13 2026 13:56:28 GMT+0000 (Coordinated Universal Time)
annotator_06,annotator,109921,分布,LiBai,poem,ai,,true,4,Thu Aug 13 2026 13:57:02 GMT+0000 (Coordinated Universal Time)
annotator_06,annotator,110075,他说，然后,,nonpoem,news,,false,,Thu Aug 13 2026 13:57:18 GMT+0000 (Coordinated Universal Time)
annotator_06,annotator,109872,在深夜的左侧,LiBai,poem,ai,,true,3,Thu Aug 13 2026 14:27:19 GMT+0000 (Coordinated Universal Time)
annotator_06,annotator,109889,秋望,LiBai,poem,ai,,true,3,Thu Aug 13 2026 14:28:15 GMT+0000 (Coordinated Universal Time)
annotator_06,annotator,110093,我眼中的发掘显示,,nonpoem,news,,false,,Thu Aug 13 2026 14:28:21 GMT+0000 (Coordinated Universal Time)
annotator_06,annotator,110080,另外，然后,,nonpoem,news,,false,,Thu Aug 13 2026 14:28:36 GMT+0000 (Coordinated Universal Time)
annotator_06,annotator,109892,小树,LiBai,poem,ai,,true,2,Thu Aug 13 2026 14:30:55 GMT+0000 (Coordinated Universal Time)
annotator_06,annotator,110137,无题,,nonpoem,news,,false,,Thu Aug 13 2026 14:30:57 GMT+0000 (Coordinated Universal Time)
annotator_06,annotator,109883,安慰,LiBai,poem,ai,,true,4,Thu Aug 13 2026 14:31:21 GMT+0000 (Coordinated Universal Time)
annotator_06,annotator,110050,无题,,nonpoem,news,,false,,Thu Aug 13 2026 14:31:39 GMT+0000 (Coordinated Universal Time)
annotator_06,annotator,109850,佛语,LiBai,poem,ai,,true,2,Thu Aug 13 2026 14:33:33 GMT+0000 (Coordinated Universal Time)
annotator_06,annotator,110006,所见·发组,,nonpoem,news,,false,,Thu Aug 13 2026 14:33:36 GMT+0000 (Coordinated Universal Time)
annotator_06,annotator,109800,小树,LiBai,poem,ai,,true,1,Thu Aug 13 2026 14:33:51 GMT+0000 (Coordinated Universal Time)
annotator_06,annotator,110099,今天的但这种联合干预很,,nonpoem,news,,false,,Thu Aug 13 2026 14:33:53 GMT+0000 (Coordinated Universal Time)
annotator_06,annotator,109864,摄,LiBai,poem,ai,,true,3,Thu Aug 13 2026 14:34:24 GMT+0000 (Coordinated Universal Time)
annotator_06,annotator,109915,祭,LiBai,poem,ai,,true,4,Thu Aug 13 2026 14:38:03 GMT+0000 (Coordinated Universal Time)
annotator_06,annotator,110127,还开辟到德国的一点思考,,nonpoem,news,,false,,Thu Aug 13 2026 14:38:05 GMT+0000 (Coordinated Universal Time)
annotator_06,annotator,109950,遥寄,LiBai,poem,ai,,true,3,Thu Aug 13 2026 14:39:28 GMT+0000 (Coordinated Universal Time)
annotator_06,annotator,110025,无题,,nonpoem,news,,false,,Thu Aug 13 2026 14:39:30 GMT+0000 (Coordinated Universal Time)
annotator_06,annotator,109798,佛语,LiBai,poem,ai,,true,2,Thu Aug 13 2026 14:39:45 GMT+0000 (Coordinated Universal Time)
annotator_06,annotator,110094,除他之外的一点思考,,nonpoem,news,,false,,Thu Aug 13 2026 14:39:47 GMT+0000 (Coordinated Universal Time)
annotator_06,annotator,109893,阿尔的太阳,LiBai,poem,ai,,true,3,Thu Aug 13 2026 14:40:13 GMT+0000 (Coordinated Universal Time)
annotator_06,annotator,110021,无题,,nonpoem,news,,false,,Thu Aug 13 2026 14:40:15 GMT+0000 (Coordinated Universal Time)
annotator_06,annotator,109867,希望者：,LiBai,poem,ai,,true,4,Thu Aug 13 2026 14:45:25 GMT+0000 (Coordinated Universal Time)
annotator_06,annotator,109873,在大风暴来临的时候,LiBai,poem,ai,,true,3,Thu Aug 13 2026 14:45:51 GMT+0000 (Coordinated Universal Time)
annotator_06,annotator,110124,无题,,nonpoem,social,,false,,Thu Aug 13 2026 14:45:53 GMT+0000 (Coordinated Universal Time)
annotator_06,annotator,109896,怀念,LiBai,poem,ai,,false,,Thu Aug 13 2026 14:46:23 GMT+0000 (Coordinated Universal Time)
annotator_06,annotator,109945,肉体（之二）,LiBai,poem,ai,,true,1,Thu Aug 13 2026 14:48:34 GMT+0000 (Coordinated Universal Time)
annotator_06,annotator,110053,我眼中的the,,nonpoem,news,,false,,Thu Aug 13 2026 14:48:35 GMT+0000 (Coordinated Universal Time)
annotator_06,annotator,110082,那不妨选择，然后,,nonpoem,news,,false,,Thu Aug 13 2026 14:48:37 GMT+0000 (Coordinated Universal Time)
annotator_06,annotator,109963,无题,,nonpoem,news,,false,,Thu Aug 13 2026 14:48:38 GMT+0000 (Coordinated Universal Time)
annotator_06,annotator,110012,聊聊即2,,nonpoem,news,,false,,Thu Aug 13 2026 14:48:40 GMT+0000 (Coordinated Universal Time)
annotator_06,annotator,109938,给我逝去的老祖母,LiBai,poem,ai,,true,3,Thu Aug 13 2026 14:52:07 GMT+0000 (Coordinated Universal Time)
annotator_06,annotator,109863,割草谣,LiBai,poem,ai,,true,4,Thu Aug 13 2026 14:57:36 GMT+0000 (Coordinated Universal Time)
annotator_06,annotator,109876,草原上,LiBai,poem,ai,,false,,Thu Aug 13 2026 14:59:09 GMT+0000 (Coordinated Universal Time)
annotator_06,annotator,109988,无题,,nonpoem,news,,false,,Thu Aug 13 2026 14:59:13 GMT+0000 (Coordinated Universal Time)
annotator_06,annotator,109939,云朵,LiBai,poem,ai,,true,4,Thu Aug 13 2026 15:00:04 GMT+0000 (Coordinated Universal Time)
annotator_06,annotator,109818,星岛的夜,LiBai,poem,ai,,true,3,Thu Aug 13 2026 15:00:24 GMT+0000 (Coordinated Universal Time)
annotator_06,annotator,110042,无题,,nonpoem,news,,false,,Thu Aug 13 2026 15:00:25 GMT+0000 (Coordinated Universal Time)
annotator_06,annotator,110143,我眼中的可以用生命担保,,nonpoem,news,,false,,Thu Aug 13 2026 15:00:28 GMT+0000 (Coordinated Universal Time)
annotator_06,annotator,109834,寄海外,LiBai,poem,ai,,false,,Thu Aug 13 2026 15:00:32 GMT+0000 (Coordinated Universal Time)
annotator_06,annotator,109841,我是你的太阳,LiBai,poem,ai,,true,4,Thu Aug 13 2026 15:06:38 GMT+0000 (Coordinated Universal Time)
annotator_06,annotator,110111,所见·今日截止,,nonpoem,social,,false,,Thu Aug 13 2026 15:06:39 GMT+0000 (Coordinated Universal Time)
annotator_06,annotator,110142,关于总分是1900,,nonpoem,news,,false,,Thu Aug 13 2026 15:06:40 GMT+0000 (Coordinated Universal Time)
annotator_06,annotator,109813,冬天的雨,LiBai,poem,ai,,true,5,Thu Aug 13 2026 15:07:04 GMT+0000 (Coordinated Universal Time)
annotator_06,annotator,110138,关于新华网快讯,,nonpoem,news,,false,,Thu Aug 13 2026 15:07:05 GMT+0000 (Coordinated Universal Time)
annotator_06,annotator,109979,聊聊乌尔善还称,,nonpoem,news,,false,,Thu Aug 13 2026 15:07:07 GMT+0000 (Coordinated Universal Time)
annotator_06,annotator,109817,七月不远,LiBai,poem,ai,,false,,Thu Aug 13 2026 15:07:10 GMT+0000 (Coordinated Universal Time)
annotator_06,annotator,109794,盲目,LiBai,poem,ai,,true,3,Thu Aug 13 2026 15:07:31 GMT+0000 (Coordinated Universal Time)
annotator_06,annotator,109969,暴雪一直保持沉默的一点思考,,nonpoem,news,,false,,Thu Aug 13 2026 15:07:34 GMT+0000 (Coordinated Universal Time)
annotator_06,annotator,109801,酒杯,LiBai,poem,ai,,true,5,Thu Aug 13 2026 15:07:48 GMT+0000 (Coordinated Universal Time)
annotator_06,annotator,110095,无题,,nonpoem,news,,false,,Thu Aug 13 2026 15:10:18 GMT+0000 (Coordinated Universal Time)
annotator_06,annotator,110144,关于胡锦涛表示,,nonpoem,news,,false,,Thu Aug 13 2026 15:10:19 GMT+0000 (Coordinated Universal Time)
annotator_06,annotator,110087,所见·内裤,,nonpoem,news,,false,,Thu Aug 13 2026 15:10:32 GMT+0000 (Coordinated Universal Time)
annotator_06,annotator,110092,今天的总决赛将设立三名,,nonpoem,news,,false,,Thu Aug 13 2026 15:10:34 GMT+0000 (Coordinated Universal Time)
annotator_06,annotator,110106,无题,,nonpoem,news,,false,,Thu Aug 13 2026 15:10:35 GMT+0000 (Coordinated Universal Time)
annotator_06,annotator,110068,今天的比来计算,,nonpoem,news,,false,,Thu Aug 13 2026 15:10:37 GMT+0000 (Coordinated Universal Time)
annotator_06,annotator,110027,性能方面，然后,,nonpoem,news,,false,,Thu Aug 13 2026 15:10:38 GMT+0000 (Coordinated Universal Time)
annotator_06,annotator,110062,聊聊热水袋就鼓了起来,,nonpoem,news,,false,,Thu Aug 13 2026 15:10:40 GMT+0000 (Coordinated Universal Time)
annotator_06,annotator,109769,情诗一束,LiBai,poem,ai,,true,5,Thu Aug 13 2026 15:13:02 GMT+0000 (Coordinated Universal Time)
annotator_06,annotator,110065,无题,,nonpoem,news,,false,,Thu Aug 13 2026 15:13:04 GMT+0000 (Coordinated Universal Time)
annotator_06,annotator,110078,今天的1月3日下午,,nonpoem,news,,false,,Thu Aug 13 2026 15:15:18 GMT+0000 (Coordinated Universal Time)
annotator_06,annotator,109970,所见·增聘童汀先生,,nonpoem,news,,false,,Thu Aug 13 2026 15:15:24 GMT+0000 (Coordinated Universal Time)
annotator_06,annotator,109884,我耕耘,LiBai,poem,ai,,true,4,Thu Aug 13 2026 15:15:34 GMT+0000 (Coordinated Universal Time)
annotator_06,annotator,109862,十四行：玫瑰花园,LiBai,poem,ai,,true,5,Thu Aug 13 2026 15:17:03 GMT+0000 (Coordinated Universal Time)
annotator_06,annotator,109829,十四行：玫瑰花园,LiBai,poem,ai,,true,4,Thu Aug 13 2026 15:20:21 GMT+0000 (Coordinated Universal Time)
annotator_06,annotator,109860,冬天,LiBai,poem,ai,,false,,Thu Aug 13 2026 15:21:18 GMT+0000 (Coordinated Universal Time)
annotator_06,annotator,109844,抱着白虎走过海洋,LiBai,poem,ai,,false,,Thu Aug 13 2026 15:21:29 GMT+0000 (Coordinated Universal Time)
annotator_06,annotator,109959,我眼中的记者发现,,nonpoem,news,,false,,Thu Aug 13 2026 15:21:31 GMT+0000 (Coordinated Universal Time)
annotator_06,annotator,110024,关于引起传媒围堵,,nonpoem,news,,false,,Thu Aug 13 2026 15:21:32 GMT+0000 (Coordinated Universal Time)
annotator_06,annotator,109947,草原上,LiBai,poem,ai,,true,4,Thu Aug 13 2026 15:21:50 GMT+0000 (Coordinated Universal Time)
annotator_06,annotator,109764,十二岁的广场,LiBai,poem,ai,,false,,Thu Aug 13 2026 15:22:06 GMT+0000 (Coordinated Universal Time)
annotator_06,annotator,109885,桃花时节,LiBai,poem,ai,,true,3,Thu Aug 13 2026 15:22:28 GMT+0000 (Coordinated Universal Time)
annotator_06,annotator,110022,无题,,nonpoem,news,,false,,Thu Aug 13 2026 15:22:30 GMT+0000 (Coordinated Universal Time)
annotator_06,annotator,110040,无题,,nonpoem,news,,false,,Thu Aug 13 2026 15:22:33 GMT+0000 (Coordinated Universal Time)
annotator_06,annotator,110000,岛上的所有冰川的的一点思考,,nonpoem,news,,false,,Thu Aug 13 2026 15:22:35 GMT+0000 (Coordinated Universal Time)
annotator_06,annotator,110132,我眼中的此前,,nonpoem,news,,false,,Thu Aug 13 2026 15:22:36 GMT+0000 (Coordinated Universal Time)
annotator_06,annotator,109806,早发的种子,LiBai,poem,ai,,true,5,Thu Aug 13 2026 15:22:45 GMT+0000 (Coordinated Universal Time)
annotator_06,annotator,109785,枫,LiBai,poem,ai,,true,5,Thu Aug 13 2026 15:24:08 GMT+0000 (Coordinated Universal Time)
annotator_06,annotator,109900,秋,LiBai,poem,ai,,false,,Thu Aug 13 2026 15:24:10 GMT+0000 (Coordinated Universal Time)
annotator_06,annotator,109869,不幸,LiBai,poem,ai,,true,5,Thu Aug 13 2026 15:24:19 GMT+0000 (Coordinated Universal Time)
annotator_06,annotator,110088,无题,,nonpoem,news,,false,,Thu Aug 13 2026 15:24:21 GMT+0000 (Coordinated Universal Time)
annotator_06,annotator,109882,我把刀给你们,LiBai,poem,ai,,true,2,Thu Aug 13 2026 15:24:33 GMT+0000 (Coordinated Universal Time)
annotator_06,annotator,109778,公爵的私生女,LiBai,poem,ai,,true,4,Thu Aug 13 2026 15:24:44 GMT+0000 (Coordinated Universal Time)
annotator_06,annotator,109890,祭,LiBai,poem,ai,,true,5,Thu Aug 13 2026 15:24:59 GMT+0000 (Coordinated Universal Time)
annotator_06,annotator,110046,无题,,nonpoem,news,,false,,Thu Aug 13 2026 15:25:02 GMT+0000 (Coordinated Universal Time)
annotator_06,annotator,109856,梭罗这人有脑子,LiBai,poem,ai,,false,,Thu Aug 13 2026 15:25:10 GMT+0000 (Coordinated Universal Time)
annotator_06,annotator,110120,关于糟蹋,,nonpoem,news,,false,,Thu Aug 13 2026 15:25:13 GMT+0000 (Coordinated Universal Time)
annotator_06,annotator,109903,在深夜的左侧,LiBai,poem,ai,,true,2,Thu Aug 13 2026 15:25:18 GMT+0000 (Coordinated Universal Time)
annotator_06,annotator,110051,轩辕剑三的一点思考,,nonpoem,news,,false,,Thu Aug 13 2026 15:25:20 GMT+0000 (Coordinated Universal Time)
annotator_06,annotator,109852,怀念,LiBai,poem,ai,,true,5,Thu Aug 13 2026 15:26:11 GMT+0000 (Coordinated Universal Time)
annotator_06,annotator,110041,我眼中的邀请全国人大教科,,nonpoem,news,,false,,Thu Aug 13 2026 15:26:13 GMT+0000 (Coordinated Universal Time)
annotator_06,annotator,110125,无题,,nonpoem,news,,false,,Thu Aug 13 2026 15:26:14 GMT+0000 (Coordinated Universal Time)
annotator_06,annotator,109916,泡影,LiBai,poem,ai,,true,5,Thu Aug 13 2026 15:26:34 GMT+0000 (Coordinated Universal Time)
annotator_06,annotator,109797,十四行：夜晚的月亮,LiBai,poem,ai,,true,5,Thu Aug 13 2026 15:26:38 GMT+0000 (Coordinated Universal Time)
annotator_06,annotator,109821,郊外,LiBai,poem,ai,,true,4,Thu Aug 13 2026 15:26:42 GMT+0000 (Coordinated Universal Time)
annotator_06,annotator,109789,情诗一束,LiBai,poem,ai,,true,3,Thu Aug 13 2026 15:26:48 GMT+0000 (Coordinated Universal Time)
annotator_06,annotator,109925,浅色的影子,LiBai,poem,ai,,false,,Thu Aug 13 2026 15:26:50 GMT+0000 (Coordinated Universal Time)
annotator_06,annotator,109924,分别的海,LiBai,poem,ai,,true,4,Thu Aug 13 2026 15:26:59 GMT+0000 (Coordinated Universal Time)
annotator_06,annotator,109760,酒杯：情诗一束,LiBai,poem,ai,,true,4,Thu Aug 13 2026 15:27:06 GMT+0000 (Coordinated Universal Time)
annotator_06,annotator,110020,关于高精等方向发展,,nonpoem,news,,false,,Thu Aug 13 2026 15:27:07 GMT+0000 (Coordinated Universal Time)
annotator_06,annotator,110008,无题,,nonpoem,news,,false,,Thu Aug 13 2026 15:27:09 GMT+0000 (Coordinated Universal Time)
annotator_06,annotator,110147,无题,,nonpoem,news,,false,,Thu Aug 13 2026 15:27:10 GMT+0000 (Coordinated Universal Time)
annotator_06,annotator,109906,假如……,LiBai,poem,ai,,true,3,Thu Aug 13 2026 15:27:14 GMT+0000 (Coordinated Universal Time)
annotator_06,annotator,109904,小旗,LiBai,poem,ai,,true,4,Thu Aug 13 2026 15:27:18 GMT+0000 (Coordinated Universal Time)
annotator_06,annotator,109958,所见·认为她把角色的疯,,nonpoem,news,,false,,Thu Aug 13 2026 15:27:21 GMT+0000 (Coordinated Universal Time)
annotator_06,annotator,110102,无题,,nonpoem,news,,false,,Thu Aug 13 2026 15:27:23 GMT+0000 (Coordinated Universal Time)
annotator_06,annotator,109868,八月之杯,LiBai,poem,ai,,true,3,Thu Aug 13 2026 15:27:32 GMT+0000 (Coordinated Universal Time)
annotator_06,annotator,109807,十四行：玫瑰花,LiBai,poem,ai,,true,4,Thu Aug 13 2026 15:27:46 GMT+0000 (Coordinated Universal Time)
annotator_06,annotator,109948,七月不远,LiBai,poem,ai,,true,2,Thu Aug 13 2026 15:27:54 GMT+0000 (Coordinated Universal Time)
annotator_06,annotator,109772,安慰,LiBai,poem,ai,,true,4,Thu Aug 13 2026 15:28:03 GMT+0000 (Coordinated Universal Time)
annotator_06,annotator,109930,给托尔斯泰,LiBai,poem,ai,,false,,Thu Aug 13 2026 15:28:06 GMT+0000 (Coordinated Universal Time)
annotator_06,annotator,109909,等待黎明,LiBai,poem,ai,,true,2,Thu Aug 13 2026 15:28:10 GMT+0000 (Coordinated Universal Time)
annotator_06,annotator,110059,无题,,nonpoem,news,,false,,Thu Aug 13 2026 15:28:13 GMT+0000 (Coordinated Universal Time)
annotator_06,annotator,109981,无题,,nonpoem,news,,false,,Thu Aug 13 2026 15:28:15 GMT+0000 (Coordinated Universal Time)
annotator_06,annotator,109874,历史,LiBai,poem,ai,,true,5,Thu Aug 13 2026 15:28:24 GMT+0000 (Coordinated Universal Time)
annotator_06,annotator,110140,无题,,nonpoem,news,,false,,Thu Aug 13 2026 15:28:27 GMT+0000 (Coordinated Universal Time)
annotator_06,annotator,109978,无题,,nonpoem,social,,false,,Thu Aug 13 2026 15:28:28 GMT+0000 (Coordinated Universal Time)
annotator_06,annotator,109989,聊聊不见不散,,nonpoem,news,,false,,Thu Aug 13 2026 15:28:31 GMT+0000 (Coordinated Universal Time)
annotator_06,annotator,109927,水呀，真急,LiBai,poem,ai,,true,1,Thu Aug 13 2026 15:28:36 GMT+0000 (Coordinated Universal Time)
annotator_06,annotator,109992,聊聊笑笑对方先生死心,,nonpoem,news,,false,,Thu Aug 13 2026 15:28:40 GMT+0000 (Coordinated Universal Time)
annotator_06,annotator,109907,写给脖子上的菩萨,LiBai,poem,ai,,true,1,Thu Aug 13 2026 15:28:50 GMT+0000 (Coordinated Universal Time)
annotator_06,annotator,109765,分布,LiBai,poem,ai,,true,3,Thu Aug 13 2026 15:28:59 GMT+0000 (Coordinated Universal Time)
annotator_06,annotator,109766,雪人,LiBai,poem,ai,,true,4,Thu Aug 13 2026 15:30:00 GMT+0000 (Coordinated Universal Time)
annotator_06,annotator,110016,关于为避免,,nonpoem,news,,false,,Thu Aug 13 2026 15:30:02 GMT+0000 (Coordinated Universal Time)
annotator_06,annotator,109866,墓床,LiBai,poem,ai,,true,4,Thu Aug 13 2026 15:30:12 GMT+0000 (Coordinated Universal Time)
annotator_06,annotator,109775,小巷,LiBai,poem,ai,,true,5,Thu Aug 13 2026 15:30:24 GMT+0000 (Coordinated Universal Time)
annotator_06,annotator,109895,九月,LiBai,poem,ai,,true,5,Thu Aug 13 2026 15:30:41 GMT+0000 (Coordinated Universal Time)
annotator_06,annotator,110054,都让人的一点思考,,nonpoem,news,,false,,Thu Aug 13 2026 15:30:44 GMT+0000 (Coordinated Universal Time)
annotator_06,annotator,109952,给母亲（组诗）,LiBai,poem,ai,,true,3,Thu Aug 13 2026 15:30:49 GMT+0000 (Coordinated Universal Time)
annotator_06,annotator,109767,别,LiBai,poem,ai,,true,2,Thu Aug 13 2026 15:30:54 GMT+0000 (Coordinated Universal Time)
annotator_06,annotator,110034,无题,,nonpoem,news,,false,,Thu Aug 13 2026 15:30:56 GMT+0000 (Coordinated Universal Time)
annotator_06,annotator,110131,无题,,nonpoem,news,,false,,Thu Aug 13 2026 15:30:58 GMT+0000 (Coordinated Universal Time)
annotator_06,annotator,109851,草原之夜,LiBai,poem,ai,,true,4,Thu Aug 13 2026 15:31:07 GMT+0000 (Coordinated Universal Time)
annotator_06,annotator,109951,自然,LiBai,poem,ai,,true,4,Thu Aug 13 2026 15:31:24 GMT+0000 (Coordinated Universal Time)
annotator_06,annotator,110013,给它量了，然后,,nonpoem,news,,false,,Thu Aug 13 2026 15:31:26 GMT+0000 (Coordinated Universal Time)
annotator_06,annotator,110010,无题,,nonpoem,news,,false,,Thu Aug 13 2026 15:31:28 GMT+0000 (Coordinated Universal Time)
annotator_06,annotator,109933,太阳和野花,LiBai,poem,ai,,true,1,Thu Aug 13 2026 15:31:34 GMT+0000 (Coordinated Universal Time)
annotator_06,annotator,109808,风的梦,LiBai,poem,ai,,true,1,Thu Aug 13 2026 15:31:43 GMT+0000 (Coordinated Universal Time)
annotator_06,annotator,109838,安慰,LiBai,poem,ai,,true,4,Thu Aug 13 2026 15:31:54 GMT+0000 (Coordinated Universal Time)
annotator_06,annotator,110055,聊聊的政策决定,,nonpoem,news,,false,,Thu Aug 13 2026 15:31:56 GMT+0000 (Coordinated Universal Time)
annotator_06,annotator,110130,今天的男性为12,,nonpoem,news,,false,,Thu Aug 13 2026 15:31:57 GMT+0000 (Coordinated Universal Time)
annotator_06,annotator,109995,无题,,nonpoem,news,,false,,Thu Aug 13 2026 15:31:59 GMT+0000 (Coordinated Universal Time)
annotator_06,annotator,109918,眼睛,LiBai,poem,ai,,true,2,Thu Aug 13 2026 15:32:07 GMT+0000 (Coordinated Universal Time)
annotator_06,annotator,110029,关于年龄民众争相学习,,nonpoem,news,,false,,Thu Aug 13 2026 15:32:09 GMT+0000 (Coordinated Universal Time)
annotator_06,annotator,109880,路,LiBai,poem,ai,,true,5,Thu Aug 13 2026 15:32:24 GMT+0000 (Coordinated Universal Time)
annotator_06,annotator,109881,主人,LiBai,poem,ai,,true,4,Thu Aug 13 2026 15:32:36 GMT+0000 (Coordinated Universal Time)
annotator_06,annotator,109790,秋望,LiBai,poem,ai,,false,,Thu Aug 13 2026 15:32:38 GMT+0000 (Coordinated Universal Time)
annotator_06,annotator,109816,很久以来,LiBai,poem,ai,,true,5,Thu Aug 13 2026 15:32:47 GMT+0000 (Coordinated Universal Time)
annotator_06,annotator,109849,远方,LiBai,poem,ai,,true,3,Thu Aug 13 2026 15:34:38 GMT+0000 (Coordinated Universal Time)
annotator_06,annotator,110136,关于沃尔核德里克,,nonpoem,news,,false,,Thu Aug 13 2026 15:34:40 GMT+0000 (Coordinated Universal Time)
annotator_06,annotator,110101,他将同阿卜的一点思考,,nonpoem,news,,false,,Thu Aug 13 2026 15:34:43 GMT+0000 (Coordinated Universal Time)
annotator_06,annotator,109805,我感到魅惑,LiBai,poem,ai,,false,,Thu Aug 13 2026 15:34:53 GMT+0000 (Coordinated Universal Time)
annotator_06,annotator,109911,净土,LiBai,poem,ai,,true,1,Thu Aug 13 2026 15:35:00 GMT+0000 (Coordinated Universal Time)
annotator_06,annotator,109937,许多时间，像烟,LiBai,poem,ai,,true,2,Thu Aug 13 2026 15:35:28 GMT+0000 (Coordinated Universal Time)
annotator_06,annotator,110007,无题,,nonpoem,news,,false,,Thu Aug 13 2026 15:35:30 GMT+0000 (Coordinated Universal Time)
annotator_06,annotator,110079,我眼中的科学,,nonpoem,news,,false,,Thu Aug 13 2026 15:35:31 GMT+0000 (Coordinated Universal Time)
annotator_06,annotator,109824,来临,LiBai,poem,ai,,false,,Thu Aug 13 2026 15:35:43 GMT+0000 (Coordinated Universal Time)
annotator_06,annotator,110052,无题,,nonpoem,news,,false,,Thu Aug 13 2026 15:35:45 GMT+0000 (Coordinated Universal Time)
annotator_06,annotator,109784,五 不要追问太阳,LiBai,poem,ai,,true,2,Thu Aug 13 2026 15:36:05 GMT+0000 (Coordinated Universal Time)
annotator_06,annotator,109912,泪水,LiBai,poem,ai,,false,,Thu Aug 13 2026 15:36:09 GMT+0000 (Coordinated Universal Time)
annotator_06,annotator,109814,分离,LiBai,poem,ai,,true,5,Thu Aug 13 2026 15:36:15 GMT+0000 (Coordinated Universal Time)
annotator_06,annotator,110129,聊聊记者熊焱,,nonpoem,news,,false,,Thu Aug 13 2026 15:36:16 GMT+0000 (Coordinated Universal Time)
annotator_06,annotator,110011,他说，然后,,nonpoem,news,,false,,Thu Aug 13 2026 15:36:18 GMT+0000 (Coordinated Universal Time)
annotator_06,annotator,110076,所见·想要变身为这个,,nonpoem,news,,false,,Thu Aug 13 2026 15:36:21 GMT+0000 (Coordinated Universal Time)
annotator_06,annotator,110069,无题,,nonpoem,news,,false,,Thu Aug 13 2026 15:36:23 GMT+0000 (Coordinated Universal Time)
annotator_06,annotator,109877,门前,LiBai,poem,ai,,true,2,Thu Aug 13 2026 16:02:25 GMT+0000 (Coordinated Universal Time)
annotator_06,annotator,109975,今天的导语,,nonpoem,news,,false,,Thu Aug 13 2026 16:02:28 GMT+0000 (Coordinated Universal Time)
annotator_06,annotator,110113,无题,,nonpoem,news,,false,,Thu Aug 13 2026 16:02:30 GMT+0000 (Coordinated Universal Time)
annotator_06,annotator,109980,继续预计处于较低，然后,,nonpoem,news,,false,,Thu Aug 13 2026 16:02:31 GMT+0000 (Coordinated Universal Time)
annotator_06,annotator,109792,水乡,LiBai,poem,ai,,true,5,Thu Aug 13 2026 16:02:41 GMT+0000 (Coordinated Universal Time)
annotator_06,annotator,109833,我的幻想,LiBai,poem,ai,,true,1,Thu Aug 13 2026 16:02:52 GMT+0000 (Coordinated Universal Time)
annotator_06,annotator,109809,天鹅,LiBai,poem,ai,,false,,Thu Aug 13 2026 16:02:58 GMT+0000 (Coordinated Universal Time)
annotator_06,annotator,109865,找寻,LiBai,poem,ai,,true,3,Thu Aug 13 2026 16:03:04 GMT+0000 (Coordinated Universal Time)
annotator_06,annotator,109819,原作,LiBai,poem,ai,,true,2,Thu Aug 13 2026 16:03:17 GMT+0000 (Coordinated Universal Time)
annotator_06,annotator,109793,拂晓,LiBai,poem,ai,,true,2,Thu Aug 13 2026 16:07:47 GMT+0000 (Coordinated Universal Time)
annotator_06,annotator,109859,窗外的夏天,LiBai,poem,ai,,true,4,Thu Aug 13 2026 16:08:03 GMT+0000 (Coordinated Universal Time)
annotator_06,annotator,109839,河口,LiBai,poem,ai,,true,3,Thu Aug 13 2026 16:08:22 GMT+0000 (Coordinated Universal Time)
annotator_06,annotator,109782,秋霜,LiBai,poem,ai,,true,3,Thu Aug 13 2026 16:08:38 GMT+0000 (Coordinated Universal Time)
annotator_06,annotator,109875,给安庆,LiBai,poem,ai,,true,4,Thu Aug 13 2026 16:08:54 GMT+0000 (Coordinated Universal Time)
annotator_06,annotator,110023,无题,,nonpoem,news,,false,,Thu Aug 13 2026 16:08:55 GMT+0000 (Coordinated Universal Time)
annotator_06,annotator,110026,无题,,nonpoem,news,,false,,Fri Aug 14 2026 01:16:22 GMT+0000 (Coordinated Universal Time)
annotator_06,annotator,109942,祖国,LiBai,poem,ai,,true,4,Fri Aug 14 2026 01:16:32 GMT+0000 (Coordinated Universal Time)
annotator_06,annotator,110009,无题,,nonpoem,news,,false,,Fri Aug 14 2026 01:16:36 GMT+0000 (Coordinated Universal Time)
annotator_06,annotator,110100,无题,,nonpoem,news,,false,,Fri Aug 14 2026 01:16:38 GMT+0000 (Coordinated Universal Time)
annotator_06,annotator,109913,的确，这就是世界,LiBai,poem,ai,,true,3,Fri Aug 14 2026 01:17:29 GMT+0000 (Coordinated Universal Time)
annotator_06,annotator,109960,今天的但更重要的是,,nonpoem,news,,false,,Fri Aug 14 2026 01:17:31 GMT+0000 (Coordinated Universal Time)
annotator_06,annotator,109855,喜玛拉雅,LiBai,poem,ai,,true,2,Fri Aug 14 2026 01:17:58 GMT+0000 (Coordinated Universal Time)
annotator_06,annotator,109987,并于的一点思考,,nonpoem,news,,false,,Fri Aug 14 2026 01:17:59 GMT+0000 (Coordinated Universal Time)
annotator_06,annotator,110090,两国元首对朝鲜半，然后,,nonpoem,news,,false,,Fri Aug 14 2026 01:18:01 GMT+0000 (Coordinated Universal Time)
annotator_06,annotator,109823,佛语,LiBai,poem,ai,,false,,Fri Aug 14 2026 01:18:16 GMT+0000 (Coordinated Universal Time)
annotator_06,annotator,110077,我眼中的据变电站的工作人,,nonpoem,news,,false,,Fri Aug 14 2026 01:18:17 GMT+0000 (Coordinated Universal Time)
annotator_06,annotator,110107,所见·首脑信心何来支撑,,nonpoem,news,,false,,Fri Aug 14 2026 01:18:19 GMT+0000 (Coordinated Universal Time)
annotator_06,annotator,109858,大自然,LiBai,poem,ai,,true,5,Fri Aug 14 2026 01:18:55 GMT+0000 (Coordinated Universal Time)
annotator_06,annotator,109976,今天的目前,,nonpoem,news,,false,,Fri Aug 14 2026 01:18:58 GMT+0000 (Coordinated Universal Time)
annotator_06,annotator,110114,关于辉瑞公司雇请了上,,nonpoem,news,,false,,Fri Aug 14 2026 01:19:00 GMT+0000 (Coordinated Universal Time)
annotator_06,annotator,110064,今天的情感最质朴,,nonpoem,news,,false,,Fri Aug 14 2026 01:19:02 GMT+0000 (Coordinated Universal Time)
annotator_06,annotator,109830,九月的云,LiBai,poem,ai,,true,4,Fri Aug 14 2026 01:19:26 GMT+0000 (Coordinated Universal Time)
annotator_06,annotator,109845,友谊,LiBai,poem,ai,,true,4,Fri Aug 14 2026 01:20:05 GMT+0000 (Coordinated Universal Time)
annotator_06,annotator,109967,所见·英寸液晶屏提高至,,nonpoem,news,,false,,Fri Aug 14 2026 01:20:08 GMT+0000 (Coordinated Universal Time)
annotator_06,annotator,110085,无题,,nonpoem,news,,false,,Fri Aug 14 2026 01:20:09 GMT+0000 (Coordinated Universal Time)
annotator_06,annotator,110103,所见·蛇魔王再临,,nonpoem,news,,false,,Fri Aug 14 2026 01:20:11 GMT+0000 (Coordinated Universal Time)
annotator_06,annotator,109920,我是你的太阳,LiBai,poem,ai,,true,5,Fri Aug 14 2026 01:20:35 GMT+0000 (Coordinated Universal Time)
annotator_06,annotator,110081,聊聊经销商透露说,,nonpoem,news,,false,,Fri Aug 14 2026 01:20:36 GMT+0000 (Coordinated Universal Time)
annotator_06,annotator,109928,雪,LiBai,poem,ai,,true,5,Fri Aug 14 2026 01:21:19 GMT+0000 (Coordinated Universal Time)
annotator_06,annotator,109777,遥寄,LiBai,poem,ai,,true,3,Fri Aug 14 2026 01:23:43 GMT+0000 (Coordinated Universal Time)
annotator_06,annotator,110045,预估值的一点思考,,nonpoem,news,,false,,Fri Aug 14 2026 01:23:45 GMT+0000 (Coordinated Universal Time)
annotator_06,annotator,110049,无题,,nonpoem,news,,false,,Fri Aug 14 2026 01:23:47 GMT+0000 (Coordinated Universal Time)
annotator_06,annotator,110139,今天的他说,,nonpoem,news,,false,,Fri Aug 14 2026 01:23:52 GMT+0000 (Coordinated Universal Time)
annotator_06,annotator,110070,无题,,nonpoem,news,,false,,Fri Aug 14 2026 01:23:55 GMT+0000 (Coordinated Universal Time)
annotator_06,annotator,110018,关于FDA,,nonpoem,news,,false,,Fri Aug 14 2026 01:23:56 GMT+0000 (Coordinated Universal Time)
annotator_06,annotator,109974,就像踢足的一点思考,,nonpoem,news,,false,,Fri Aug 14 2026 01:23:58 GMT+0000 (Coordinated Universal Time)
annotator_06,annotator,109822,方舟,LiBai,poem,ai,,true,4,Fri Aug 14 2026 01:24:48 GMT+0000 (Coordinated Universal Time)
annotator_06,annotator,109779,二 歌乐山的云很凉,LiBai,poem,ai,,true,5,Fri Aug 14 2026 01:25:46 GMT+0000 (Coordinated Universal Time)
annotator_06,annotator,109944,回家,LiBai,poem,ai,,true,5,Fri Aug 14 2026 01:25:58 GMT+0000 (Coordinated Universal Time)
annotator_06,annotator,109936,小树,LiBai,poem,ai,,true,4,Fri Aug 14 2026 01:28:46 GMT+0000 (Coordinated Universal Time)
annotator_06,annotator,110032,关于8月31日女装,,nonpoem,news,,false,,Fri Aug 14 2026 01:28:49 GMT+0000 (Coordinated Universal Time)
annotator_06,annotator,109783,雪人,LiBai,poem,ai,,true,5,Fri Aug 14 2026 01:29:54 GMT+0000 (Coordinated Universal Time)
annotator_06,annotator,109888,小树,LiBai,poem,ai,,true,4,Fri Aug 14 2026 01:31:00 GMT+0000 (Coordinated Universal Time)
annotator_06,annotator,109847,八月之杯,LiBai,poem,ai,,true,4,Fri Aug 14 2026 01:31:56 GMT+0000 (Coordinated Universal Time)
annotator_06,annotator,110109,聊聊导语,,nonpoem,news,,false,,Fri Aug 14 2026 01:31:58 GMT+0000 (Coordinated Universal Time)
annotator_06,annotator,110030,聊聊EW600耳机,,nonpoem,news,,false,,Fri Aug 14 2026 01:32:00 GMT+0000 (Coordinated Universal Time)
annotator_06,annotator,109935,九月的云,LiBai,poem,ai,,true,5,Fri Aug 14 2026 01:32:20 GMT+0000 (Coordinated Universal Time)
annotator_06,annotator,110104,我眼中的记者走进一户家中,,nonpoem,news,,false,,Fri Aug 14 2026 01:32:21 GMT+0000 (Coordinated Universal Time)
annotator_06,annotator,109993,聊聊柴腾火山喷发如此,,nonpoem,news,,false,,Fri Aug 14 2026 01:32:24 GMT+0000 (Coordinated Universal Time)
annotator_06,annotator,110086,无题,,nonpoem,news,,false,,Fri Aug 14 2026 01:32:26 GMT+0000 (Coordinated Universal Time)
annotator_06,annotator,109886,幸福的一日 致秋天的花楸树,LiBai,poem,ai,,true,5,Fri Aug 14 2026 01:32:53 GMT+0000 (Coordinated Universal Time)
annotator_06,annotator,109898,门前,LiBai,poem,ai,,false,,Fri Aug 14 2026 01:32:54 GMT+0000 (Coordinated Universal Time)
annotator_06,annotator,110058,无题,,nonpoem,news,,false,,Fri Aug 14 2026 01:33:00 GMT+0000 (Coordinated Universal Time)
annotator_06,annotator,110071,今天的钟嘉欣,,nonpoem,news,,false,,Fri Aug 14 2026 01:33:02 GMT+0000 (Coordinated Universal Time)
annotator_06,annotator,110091,无题,,nonpoem,news,,false,,Fri Aug 14 2026 01:33:03 GMT+0000 (Coordinated Universal Time)
annotator_06,annotator,110110,无题,,nonpoem,news,,false,,Fri Aug 14 2026 01:33:04 GMT+0000 (Coordinated Universal Time)
annotator_06,annotator,109846,感动,LiBai,poem,ai,,true,5,Fri Aug 14 2026 01:33:25 GMT+0000 (Coordinated Universal Time)
annotator_06,annotator,109977,Louis的一点思考,,nonpoem,news,,false,,Fri Aug 14 2026 01:33:27 GMT+0000 (Coordinated Universal Time)
annotator_06,annotator,109908,星月的来由,LiBai,poem,ai,,false,,Fri Aug 14 2026 01:34:07 GMT+0000 (Coordinated Universal Time)
annotator_06,annotator,110126,无题,,nonpoem,news,,false,,Fri Aug 14 2026 01:34:10 GMT+0000 (Coordinated Universal Time)
annotator_06,annotator,109964,米帅能够得到这次，然后,,nonpoem,news,,false,,Fri Aug 14 2026 01:34:11 GMT+0000 (Coordinated Universal Time)
annotator_06,annotator,110060,关于他们不会害怕蜘蛛,,nonpoem,news,,false,,Fri Aug 14 2026 01:34:13 GMT+0000 (Coordinated Universal Time)
annotator_06,annotator,109840,一 模糊的小路，使我来到你们中间,LiBai,poem,ai,,true,4,Fri Aug 14 2026 01:37:47 GMT+0000 (Coordinated Universal Time)
annotator_06,annotator,109802,许许多多时刻,LiBai,poem,ai,,true,5,Fri Aug 14 2026 01:37:55 GMT+0000 (Coordinated Universal Time)
annotator_06,annotator,109762,梦痕,LiBai,poem,ai,,true,4,Fri Aug 14 2026 01:38:12 GMT+0000 (Coordinated Universal Time)
annotator_06,annotator,109891,老人,LiBai,poem,ai,,true,5,Fri Aug 14 2026 01:38:21 GMT+0000 (Coordinated Universal Time)
annotator_06,annotator,110096,今天的马斯克,,nonpoem,social,,false,,Fri Aug 14 2026 01:38:23 GMT+0000 (Coordinated Universal Time)
annotator_06,annotator,109791,在尘土之上,LiBai,poem,ai,,true,4,Fri Aug 14 2026 01:38:40 GMT+0000 (Coordinated Universal Time)
annotator_06,annotator,110039,聊聊Harry,,nonpoem,news,,false,,Fri Aug 14 2026 01:38:42 GMT+0000 (Coordinated Universal Time)
annotator_06,annotator,110031,聊聊经济和金融中心,,nonpoem,news,,false,,Fri Aug 14 2026 01:38:44 GMT+0000 (Coordinated Universal Time)
annotator_06,annotator,110089,聊聊埃文斯则只能,,nonpoem,news,,false,,Fri Aug 14 2026 01:38:45 GMT+0000 (Coordinated Universal Time)
annotator_06,annotator,110123,无题,,nonpoem,news,,false,,Fri Aug 14 2026 01:38:47 GMT+0000 (Coordinated Universal Time)
annotator_06,annotator,109957,无题,,nonpoem,news,,false,,Fri Aug 14 2026 01:38:48 GMT+0000 (Coordinated Universal Time)
annotator_06,annotator,110116,无题,,nonpoem,news,,false,,Fri Aug 14 2026 01:38:49 GMT+0000 (Coordinated Universal Time)
annotator_06,annotator,110072,汽油库存环比减少的一点思考,,nonpoem,news,,false,,Fri Aug 14 2026 01:38:51 GMT+0000 (Coordinated Universal Time)
annotator_06,annotator,110057,12日获判有罪，然后,,nonpoem,news,,false,,Fri Aug 14 2026 01:38:53 GMT+0000 (Coordinated Universal Time)
annotator_06,annotator,109761,拂晓,LiBai,poem,ai,,true,3,Fri Aug 14 2026 01:39:00 GMT+0000 (Coordinated Universal Time)
annotator_06,annotator,110067,无题,,nonpoem,news,,false,,Fri Aug 14 2026 01:39:02 GMT+0000 (Coordinated Universal Time)
annotator_06,annotator,109931,情诗一束,LiBai,poem,ai,,true,5,Fri Aug 14 2026 01:39:40 GMT+0000 (Coordinated Universal Time)
annotator_06,annotator,109812,白夜,LiBai,poem,ai,,true,4,Fri Aug 14 2026 01:40:30 GMT+0000 (Coordinated Universal Time)
annotator_06,annotator,109966,这令此前市的一点思考,,nonpoem,news,,false,,Fri Aug 14 2026 01:40:34 GMT+0000 (Coordinated Universal Time)
annotator_06,annotator,110015,我眼中的它带着与生俱来的,,nonpoem,news,,false,,Fri Aug 14 2026 01:40:36 GMT+0000 (Coordinated Universal Time)
annotator_06,annotator,110044,新华网香港，然后,,nonpoem,news,,false,,Fri Aug 14 2026 01:40:38 GMT+0000 (Coordinated Universal Time)
annotator_06,annotator,109887,我把刀给你们,LiBai,poem,ai,,true,3,Fri Aug 14 2026 01:40:57 GMT+0000 (Coordinated Universal Time)
annotator_06,annotator,110019,无题,,nonpoem,news,,false,,Fri Aug 14 2026 01:40:59 GMT+0000 (Coordinated Universal Time)
annotator_06,annotator,109799,灯,LiBai,poem,ai,,true,4,Fri Aug 14 2026 01:47:32 GMT+0000 (Coordinated Universal Time)
annotator_06,annotator,110098,才能够入市交易的一点思考,,nonpoem,news,,false,,Fri Aug 14 2026 01:47:33 GMT+0000 (Coordinated Universal Time)
annotator_06,annotator,109999,关于导语,,nonpoem,news,,false,,Fri Aug 14 2026 01:47:36 GMT+0000 (Coordinated Universal Time)
annotator_06,annotator,109962,我眼中的年近七旬的国,,nonpoem,news,,false,,Fri Aug 14 2026 01:47:40 GMT+0000 (Coordinated Universal Time)
annotator_06,annotator,110074,无题,,nonpoem,news,,false,,Fri Aug 14 2026 01:47:41 GMT+0000 (Coordinated Universal Time)
annotator_06,annotator,109998,所以想留下来，然后,,nonpoem,news,,false,,Fri Aug 14 2026 01:47:42 GMT+0000 (Coordinated Universal Time)
annotator_06,annotator,109871,墓床,LiBai,poem,ai,,true,5,Fri Aug 14 2026 01:47:53 GMT+0000 (Coordinated Universal Time)
annotator_06,annotator,109902,无名的小花,LiBai,poem,ai,,true,5,Fri Aug 14 2026 01:48:42 GMT+0000 (Coordinated Universal Time)
annotator_06,annotator,109917,秋日黄昏,LiBai,poem,ai,,true,4,Fri Aug 14 2026 01:49:18 GMT+0000 (Coordinated Universal Time)
annotator_06,annotator,109815,小风景,LiBai,poem,ai,,true,5,Fri Aug 14 2026 01:49:46 GMT+0000 (Coordinated Universal Time)
annotator_06,annotator,109986,聊聊大比分落后的热火,,nonpoem,news,,false,,Fri Aug 14 2026 01:49:47 GMT+0000 (Coordinated Universal Time)
annotator_06,annotator,109771,四 你们在高山中生活,LiBai,poem,ai,,true,4,Fri Aug 14 2026 01:49:54 GMT+0000 (Coordinated Universal Time)
annotator_06,annotator,109786,来源,LiBai,poem,ai,,true,4,Fri Aug 14 2026 02:08:27 GMT+0000 (Coordinated Universal Time)
annotator_06,annotator,110048,无题,,nonpoem,news,,false,,Fri Aug 14 2026 02:08:28 GMT+0000 (Coordinated Universal Time)
annotator_06,annotator,109926,两座村庄,LiBai,poem,ai,,false,,Fri Aug 14 2026 02:08:31 GMT+0000 (Coordinated Universal Time)
annotator_06,annotator,109914,设计重逢,LiBai,poem,ai,,true,1,Fri Aug 14 2026 02:08:39 GMT+0000 (Coordinated Universal Time)
annotator_06,annotator,109843,贞女和风,LiBai,poem,ai,,true,5,Fri Aug 14 2026 02:08:56 GMT+0000 (Coordinated Universal Time)
annotator_06,annotator,110063,无题,,nonpoem,news,,false,,Fri Aug 14 2026 02:08:58 GMT+0000 (Coordinated Universal Time)
annotator_06,annotator,110066,无题,,nonpoem,news,,false,,Fri Aug 14 2026 02:09:00 GMT+0000 (Coordinated Universal Time)
annotator_06,annotator,109929,无名的小花,LiBai,poem,ai,,true,2,Fri Aug 14 2026 02:09:47 GMT+0000 (Coordinated Universal Time)
annotator_06,annotator,109919,无题,LiBai,poem,ai,,true,1,Fri Aug 14 2026 02:10:02 GMT+0000 (Coordinated Universal Time)
annotator_06,annotator,109897,星岛的夜,LiBai,poem,ai,,true,4,Fri Aug 14 2026 02:10:38 GMT+0000 (Coordinated Universal Time)
annotator_06,annotator,110112,聊聊远道闻讣,,nonpoem,news,,false,,Fri Aug 14 2026 02:10:41 GMT+0000 (Coordinated Universal Time)
annotator_06,annotator,110135,关于正是联盟战绩王,,nonpoem,news,,false,,Fri Aug 14 2026 02:10:44 GMT+0000 (Coordinated Universal Time)
annotator_06,annotator,109773,眨眼,LiBai,poem,ai,,true,2,Fri Aug 14 2026 02:11:14 GMT+0000 (Coordinated Universal Time)
annotator_06,annotator,110145,无题,,nonpoem,news,,false,,Fri Aug 14 2026 02:11:16 GMT+0000 (Coordinated Universal Time)
annotator_06,annotator,110002,无题,,nonpoem,news,,false,,Fri Aug 14 2026 02:11:17 GMT+0000 (Coordinated Universal Time)
annotator_06,annotator,110043,倒在了花坛边，然后,,nonpoem,news,,false,,Fri Aug 14 2026 02:11:19 GMT+0000 (Coordinated Universal Time)
annotator_06,annotator,109972,痛苦地躺在地板上的一点思考,,nonpoem,news,,false,,Fri Aug 14 2026 02:11:20 GMT+0000 (Coordinated Universal Time)
annotator_06,annotator,110097,聊聊可以低位拍摄,,nonpoem,news,,false,,Fri Aug 14 2026 02:11:22 GMT+0000 (Coordinated Universal Time)
annotator_06,annotator,109774,给B的生日,LiBai,poem,ai,,true,5,Fri Aug 14 2026 02:11:33 GMT+0000 (Coordinated Universal Time)
annotator_06,annotator,109828,小巷,LiBai,poem,ai,,false,,Fri Aug 14 2026 02:11:35 GMT+0000 (Coordinated Universal Time)
annotator_06,annotator,110033,无题,,nonpoem,news,,false,,Fri Aug 14 2026 02:11:37 GMT+0000 (Coordinated Universal Time)
annotator_06,annotator,110117,无题,,nonpoem,news,,false,,Fri Aug 14 2026 02:11:38 GMT+0000 (Coordinated Universal Time)
annotator_06,annotator,109983,或许在不远的将来，然后,,nonpoem,news,,false,,Fri Aug 14 2026 02:11:40 GMT+0000 (Coordinated Universal Time)
annotator_06,annotator,109842,在大风暴来临的时候,LiBai,poem,ai,,false,,Fri Aug 14 2026 02:11:44 GMT+0000 (Coordinated Universal Time)
annotator_06,annotator,110061,聊聊08十佳华语片,,nonpoem,news,,false,,Fri Aug 14 2026 02:11:45 GMT+0000 (Coordinated Universal Time)
annotator_06,annotator,110073,无题,,nonpoem,news,,false,,Fri Aug 14 2026 02:11:47 GMT+0000 (Coordinated Universal Time)
annotator_06,annotator,110056,无题,,nonpoem,news,,false,,Fri Aug 14 2026 02:11:48 GMT+0000 (Coordinated Universal Time)
annotator_06,annotator,110119,无题,,nonpoem,news,,false,,Fri Aug 14 2026 02:11:50 GMT+0000 (Coordinated Universal Time)
annotator_06,annotator,110108,无题,,nonpoem,news,,false,,Fri Aug 14 2026 02:11:51 GMT+0000 (Coordinated Universal Time)
annotator_06,annotator,110084,所见·度开发,,nonpoem,news,,false,,Fri Aug 14 2026 02:11:53 GMT+0000 (Coordinated Universal Time)
annotator_06,annotator,109763,星岛的夜,LiBai,poem,ai,,true,4,Fri Aug 14 2026 02:12:14 GMT+0000 (Coordinated Universal Time)
annotator_06,annotator,109857,我把刀给你们,LiBai,poem,ai,,true,3,Fri Aug 14 2026 02:12:38 GMT+0000 (Coordinated Universal Time)
annotator_06,annotator,110014,如果上的一点思考,,nonpoem,news,,false,,Fri Aug 14 2026 02:12:41 GMT+0000 (Coordinated Universal Time)
annotator_06,annotator,110083,如果你只答，然后,,nonpoem,news,,false,,Fri Aug 14 2026 02:12:42 GMT+0000 (Coordinated Universal Time)
annotator_06,annotator,109954,关于我们刚一起来时常,,nonpoem,news,,false,,Fri Aug 14 2026 02:12:43 GMT+0000 (Coordinated Universal Time)
annotator_06,annotator,109961,关于嗅闻犬,,nonpoem,news,,false,,Fri Aug 14 2026 02:12:44 GMT+0000 (Coordinated Universal Time)
annotator_06,annotator,109835,夜航,LiBai,poem,ai,,true,3,Fri Aug 14 2026 02:13:03 GMT+0000 (Coordinated Universal Time)
annotator_06,annotator,110133,西风烈，然后,,nonpoem,news,,false,,Fri Aug 14 2026 02:13:04 GMT+0000 (Coordinated Universal Time)
annotator_06,annotator,109990,关于凌厉跌宕,,nonpoem,news,,false,,Fri Aug 14 2026 02:13:05 GMT+0000 (Coordinated Universal Time)
annotator_06,annotator,109795,小旗,LiBai,poem,ai,,true,4,Fri Aug 14 2026 02:13:22 GMT+0000 (Coordinated Universal Time)
annotator_06,annotator,109837,我耕耘,LiBai,poem,ai,,true,4,Fri Aug 14 2026 02:13:36 GMT+0000 (Coordinated Universal Time)
annotator_06,annotator,109820,大自然,LiBai,poem,ai,,true,5,Fri Aug 14 2026 02:13:47 GMT+0000 (Coordinated Universal Time)
annotator_06,annotator,110134,无题,,nonpoem,news,,false,,Fri Aug 14 2026 02:13:48 GMT+0000 (Coordinated Universal Time)
annotator_06,annotator,109780,分离,LiBai,poem,ai,,true,4,Fri Aug 14 2026 02:13:55 GMT+0000 (Coordinated Universal Time)
annotator_06,annotator,109796,别,LiBai,poem,ai,,true,5,Fri Aug 14 2026 02:14:06 GMT+0000 (Coordinated Universal Time)
annotator_06,annotator,110118,因为担心母猪出事的一点思考,,nonpoem,news,,false,,Fri Aug 14 2026 02:14:07 GMT+0000 (Coordinated Universal Time)
annotator_06,annotator,109825,黎明 一首小诗,LiBai,poem,ai,,true,5,Fri Aug 14 2026 02:14:54 GMT+0000 (Coordinated Universal Time)
annotator_06,annotator,109787,来临,LiBai,poem,ai,,false,,Fri Aug 14 2026 02:14:55 GMT+0000 (Coordinated Universal Time)
annotator_06,annotator,109922,马、火、灰，鼎,LiBai,poem,ai,,true,5,Fri Aug 14 2026 02:15:23 GMT+0000 (Coordinated Universal Time)
annotator_06,annotator,109770,雪人,LiBai,poem,ai,,true,4,Fri Aug 14 2026 02:16:03 GMT+0000 (Coordinated Universal Time)
annotator_06,annotator,109997,关于法国,,nonpoem,news,,false,,Fri Aug 14 2026 02:16:05 GMT+0000 (Coordinated Universal Time)
annotator_06,annotator,109848,写给脖子上的菩萨,LiBai,poem,ai,,true,5,Fri Aug 14 2026 02:16:14 GMT+0000 (Coordinated Universal Time)
annotator_06,annotator,110122,现一个面目扭曲的，然后,,nonpoem,news,,false,,Fri Aug 14 2026 02:16:15 GMT+0000 (Coordinated Universal Time)
annotator_06,annotator,110128,今天的绝对时尚的同时还,,nonpoem,news,,false,,Fri Aug 14 2026 02:16:17 GMT+0000 (Coordinated Universal Time)
annotator_06,annotator,109788,我的一个春天,LiBai,poem,ai,,true,3,Fri Aug 14 2026 02:16:25 GMT+0000 (Coordinated Universal Time)
annotator_06,annotator,110121,无题,,nonpoem,news,,false,,Fri Aug 14 2026 02:16:26 GMT+0000 (Coordinated Universal Time)
annotator_06,annotator,109804,弧线,LiBai,poem,ai,,true,2,Fri Aug 14 2026 02:16:34 GMT+0000 (Coordinated Universal Time)
annotator_06,annotator,109943,七月不远,LiBai,poem,ai,,true,3,Fri Aug 14 2026 02:18:44 GMT+0000 (Coordinated Universal Time)
annotator_06,annotator,109940,安慰,LiBai,poem,ai,,true,4,Fri Aug 14 2026 02:19:01 GMT+0000 (Coordinated Universal Time)
annotator_06,annotator,110004,今天的种犯罪,,nonpoem,news,,false,,Fri Aug 14 2026 02:19:04 GMT+0000 (Coordinated Universal Time)
annotator_06,annotator,109826,星岛的夜,LiBai,poem,ai,,true,4,Fri Aug 14 2026 02:19:30 GMT+0000 (Coordinated Universal Time)
annotator_06,annotator,110028,关于指检察官,,nonpoem,news,,false,,Fri Aug 14 2026 02:19:31 GMT+0000 (Coordinated Universal Time)
annotator_06,annotator,110038,无题,,nonpoem,news,,false,,Fri Aug 14 2026 02:19:33 GMT+0000 (Coordinated Universal Time)
annotator_06,annotator,109985,无题,,nonpoem,news,,false,,Fri Aug 14 2026 02:19:34 GMT+0000 (Coordinated Universal Time)
annotator_06,annotator,109932,一代人,LiBai,poem,ai,,true,4,Fri Aug 14 2026 02:19:48 GMT+0000 (Coordinated Universal Time)
annotator_06,annotator,109996,缓和这场信心危机的一点思考,,nonpoem,news,,false,,Fri Aug 14 2026 02:19:49 GMT+0000 (Coordinated Universal Time)
annotator_06,annotator,109831,冬天,LiBai,poem,ai,,true,2,Fri Aug 14 2026 02:20:05 GMT+0000 (Coordinated Universal Time)
annotator_06,annotator,109901,门前,LiBai,poem,ai,,false,,Fri Aug 14 2026 02:20:23 GMT+0000 (Coordinated Universal Time)
annotator_06,annotator,109827,小春天的谣曲,LiBai,poem,ai,,true,4,Fri Aug 14 2026 02:20:40 GMT+0000 (Coordinated Universal Time)
annotator_06,annotator,109941,火葬,LiBai,poem,ai,,true,4,Fri Aug 14 2026 02:20:54 GMT+0000 (Coordinated Universal Time)
annotator_06,annotator,110115,今天的还有葡式蛋塔咯,,nonpoem,news,,false,,Fri Aug 14 2026 02:20:56 GMT+0000 (Coordinated Universal Time)
annotator_06,annotator,109810,遥远的路程,LiBai,poem,ai,,true,4,Fri Aug 14 2026 02:22:42 GMT+0000 (Coordinated Universal Time)
annotator_06,annotator,109910,木偶,LiBai,poem,ai,,true,3,Fri Aug 14 2026 02:22:46 GMT+0000 (Coordinated Universal Time)
annotator_06,annotator,109854,不要说了，我不会屈服,LiBai,poem,ai,,true,4,Fri Aug 14 2026 02:22:58 GMT+0000 (Coordinated Universal Time)
annotator_06,annotator,110146,无题,,nonpoem,news,,false,,Fri Aug 14 2026 02:22:59 GMT+0000 (Coordinated Universal Time)
annotator_06,annotator,110036,我眼中的通知规定,,nonpoem,news,,false,,Fri Aug 14 2026 02:23:01 GMT+0000 (Coordinated Universal Time)
annotator_06,annotator,109968,今天的都是这样,,nonpoem,news,,false,,Fri Aug 14 2026 02:23:02 GMT+0000 (Coordinated Universal Time)
annotator_06,annotator,109994,关于搭配建议,,nonpoem,news,,false,,Fri Aug 14 2026 02:23:04 GMT+0000 (Coordinated Universal Time)
annotator_06,annotator,109894,摄,LiBai,poem,ai,,true,5,Fri Aug 14 2026 02:23:14 GMT+0000 (Coordinated Universal Time)
annotator_06,annotator,110001,首映式上，然后,,nonpoem,news,,false,,Fri Aug 14 2026 02:23:17 GMT+0000 (Coordinated Universal Time)
annotator_06,annotator,109853,无题,LiBai,poem,ai,,true,4,Fri Aug 14 2026 02:23:23 GMT+0000 (Coordinated Universal Time)
annotator_06,annotator,110003,我眼中的同4年前相比,,nonpoem,news,,false,,Fri Aug 14 2026 02:23:24 GMT+0000 (Coordinated Universal Time)
annotator_06,annotator,110037,都能称兄道弟，然后,,nonpoem,news,,false,,Fri Aug 14 2026 02:23:26 GMT+0000 (Coordinated Universal Time)
annotator_06,annotator,109973,所见·其实,,nonpoem,news,,false,,Fri Aug 14 2026 02:23:27 GMT+0000 (Coordinated Universal Time)
annotator_06,annotator,109861,风的梦,LiBai,poem,ai,,true,3,Fri Aug 14 2026 02:23:34 GMT+0000 (Coordinated Universal Time)
annotator_06,annotator,109984,聊聊老鹰,,nonpoem,news,,false,,Fri Aug 14 2026 02:23:35 GMT+0000 (Coordinated Universal Time)
annotator_06,annotator,109768,找寻,LiBai,poem,ai,,true,5,Fri Aug 14 2026 02:23:51 GMT+0000 (Coordinated Universal Time)
annotator_06,annotator,109811,美,LiBai,poem,ai,,true,3,Fri Aug 14 2026 02:24:00 GMT+0000 (Coordinated Universal Time)
annotator_06,annotator,110035,今天的髻的头发,,nonpoem,news,,false,,Fri Aug 14 2026 02:24:02 GMT+0000 (Coordinated Universal Time)
annotator_06,annotator,109870,我们只有夜晚,LiBai,poem,ai,,true,4,Fri Aug 14 2026 02:24:14 GMT+0000 (Coordinated Universal Time)
annotator_06,annotator,109832,梦痕,LiBai,poem,ai,,true,5,Fri Aug 14 2026 02:24:18 GMT+0000 (Coordinated Universal Time)
annotator_06,annotator,109991,我眼中的帅哥靓女云集,,nonpoem,news,,false,,Fri Aug 14 2026 02:24:20 GMT+0000 (Coordinated Universal Time)
annotator_06,annotator,109776,泡影,LiBai,poem,ai,,true,4,Fri Aug 14 2026 02:24:35 GMT+0000 (Coordinated Universal Time)
annotator_06,annotator,109899,小花的信念,LiBai,poem,ai,,false,,Fri Aug 14 2026 02:24:37 GMT+0000 (Coordinated Universal Time)
annotator_06,annotator,109971,所见·质疑王永祥受到龚,,nonpoem,news,,false,,Fri Aug 14 2026 02:24:39 GMT+0000 (Coordinated Universal Time)
annotator_06,annotator,109923,黄金草原,LiBai,poem,ai,,true,3,Fri Aug 14 2026 02:24:43 GMT+0000 (Coordinated Universal Time)
annotator_06,annotator,109836,日记,LiBai,poem,ai,,false,,Fri Aug 14 2026 02:24:45 GMT+0000 (Coordinated Universal Time)
annotator_06,annotator,109982,无题,,nonpoem,news,,false,,Fri Aug 14 2026 02:24:47 GMT+0000 (Coordinated Universal Time)
annotator_06,annotator,109955,无题,,nonpoem,news,,false,,Fri Aug 14 2026 02:24:49 GMT+0000 (Coordinated Universal Time)
annotator_06,annotator,109956,无题,,nonpoem,news,,false,,Fri Aug 14 2026 02:24:50 GMT+0000 (Coordinated Universal Time)
annotator_06,annotator,110105,我眼中的布克组织的这项赛,,nonpoem,news,,false,,Fri Aug 14 2026 02:24:52 GMT+0000 (Coordinated Universal Time)
annotator_06,annotator,109905,净土,LiBai,poem,ai,,true,5,Fri Aug 14 2026 02:24:58 GMT+0000 (Coordinated Universal Time)
annotator_06,annotator,109803,生殖,LiBai,poem,ai,,true,2,Fri Aug 14 2026 02:25:45 GMT+0000 (Coordinated Universal Time)
annotator_06,annotator,109965,无题,,nonpoem,news,,false,,Fri Aug 14 2026 02:25:46 GMT+0000 (Coordinated Universal Time)
annotator_06,annotator,109946,不是再见,LiBai,poem,ai,,true,2,Fri Aug 14 2026 02:28:13 GMT+0000 (Coordinated Universal Time)
annotator_06,annotator,109934,佛语,LiBai,poem,ai,,true,1,Fri Aug 14 2026 02:28:33 GMT+0000 (Coordinated Universal Time)
annotator_06,annotator,109878,马、火、灰，鼎,LiBai,poem,ai,,true,5,Fri Aug 14 2026 02:28:57 GMT+0000 (Coordinated Universal Time)
annotator_06,annotator,110005,无题,,nonpoem,news,,false,,Fri Aug 14 2026 02:28:59 GMT+0000 (Coordinated Universal Time)
annotator_06,annotator,109949,石壁,LiBai,poem,ai,,true,3,Fri Aug 14 2026 02:30:02 GMT+0000 (Coordinated Universal Time)
annotator_06,annotator,110017,聊聊而是基于peer,,nonpoem,news,,false,,Fri Aug 14 2026 02:30:03 GMT+0000 (Coordinated Universal Time)
annotator_06,annotator,109781,我把刀给你们,LiBai,poem,ai,,false,,Fri Aug 14 2026 02:30:08 GMT+0000 (Coordinated Universal Time)
annotator_06,annotator,110141,今天的央视,,nonpoem,news,,false,,Fri Aug 14 2026 02:30:11 GMT+0000 (Coordinated Universal Time)
annotator_06,annotator,110047,无题,,nonpoem,news,,false,,Fri Aug 14 2026 02:30:14 GMT+0000 (Coordinated Universal Time)
annotator_06,annotator,109879,感动,LiBai,poem,ai,,true,5,Fri Aug 14 2026 02:30:24 GMT+0000 (Coordinated Universal Time)
annotator_06,annotator,555,我眼中的雨是悲欢离合,,nonpoem,social,,false,,Fri Aug 14 2026 02:34:13 GMT+0000 (Coordinated Universal Time)
annotator_06,annotator,912,其中的一点思考,,nonpoem,news,,false,,Fri Aug 14 2026 02:34:15 GMT+0000 (Coordinated Universal Time)
annotator_06,annotator,842,关于据主办方介绍,,nonpoem,news,,false,,Fri Aug 14 2026 02:34:16 GMT+0000 (Coordinated Universal Time)
annotator_06,annotator,109558,我不知道怎样爱你,LiBai,poem,ai,,false,,Fri Aug 14 2026 02:34:36 GMT+0000 (Coordinated Universal Time)
annotator_06,annotator,109753,无题,,nonpoem,news,,false,,Fri Aug 14 2026 02:34:38 GMT+0000 (Coordinated Universal Time)
annotator_06,annotator,109548,肉体（之二）,Haizi-CN,poem,ai,,true,2,Fri Aug 14 2026 02:34:59 GMT+0000 (Coordinated Universal Time)
annotator_06,annotator,109690,结果的一点思考,,nonpoem,news,,false,,Fri Aug 14 2026 02:35:03 GMT+0000 (Coordinated Universal Time)
annotator_02,annotator,109550,我们相信,Haizi-CN,poem,ai,,true,3,Fri Aug 14 2026 07:32:10 GMT+0000 (Coordinated Universal Time)
annotator_02,annotator,109524,春天，十个海子,Haizi-CN,poem,ai,,true,3,Fri Aug 14 2026 07:32:36 GMT+0000 (Coordinated Universal Time)
annotator_02,annotator,109421,亚洲铜,Haizi,poem,ai,,true,2,Fri Aug 14 2026 07:32:45 GMT+0000 (Coordinated Universal Time)
annotator_02,annotator,109485,给B的生日,Haizi,poem,ai,,true,2,Fri Aug 14 2026 07:33:14 GMT+0000 (Coordinated Universal Time)
annotator_02,annotator,109630,所见·撕扯中水果刀不,,nonpoem,news,,false,,Fri Aug 14 2026 07:33:16 GMT+0000 (Coordinated Universal Time)
annotator_02,annotator,109721,如果奇才队，然后,,nonpoem,news,,false,,Fri Aug 14 2026 07:33:18 GMT+0000 (Coordinated Universal Time)
annotator_02,annotator,109504,面朝大海，春暖花开,Haizi,poem,ai,,true,2,Fri Aug 14 2026 07:33:57 GMT+0000 (Coordinated Universal Time)
annotator_02,annotator,109499,春天,Haizi,poem,ai,,true,3,Fri Aug 14 2026 07:34:07 GMT+0000 (Coordinated Universal Time)
annotator_02,annotator,109533,面朝大海，春暖花开,Haizi-CN,poem,ai,,true,3,Fri Aug 14 2026 07:34:19 GMT+0000 (Coordinated Universal Time)
annotator_02,annotator,109525,梭罗这人有脑子,Haizi-CN,poem,ai,,true,2,Fri Aug 14 2026 07:34:26 GMT+0000 (Coordinated Universal Time)
annotator_02,annotator,109687,无题,,nonpoem,news,,false,,Fri Aug 14 2026 07:34:28 GMT+0000 (Coordinated Universal Time)
annotator_02,annotator,109436,给B的生日,Haizi,poem,ai,,true,3,Fri Aug 14 2026 07:34:34 GMT+0000 (Coordinated Universal Time)
annotator_02,annotator,109700,所见·该项目积累了丰,,nonpoem,news,,false,,Fri Aug 14 2026 07:34:36 GMT+0000 (Coordinated Universal Time)
annotator_02,annotator,109463,太平洋的献诗,Haizi,poem,ai,,true,3,Fri Aug 14 2026 07:34:58 GMT+0000 (Coordinated Universal Time)
annotator_02,annotator,109583,无题,,nonpoem,news,,false,,Fri Aug 14 2026 07:35:00 GMT+0000 (Coordinated Universal Time)
annotator_02,annotator,109733,无题,,nonpoem,news,,false,,Fri Aug 14 2026 07:35:04 GMT+0000 (Coordinated Universal Time)
annotator_02,annotator,109472,太平洋的献诗,Haizi,poem,ai,,true,1,Fri Aug 14 2026 07:35:13 GMT+0000 (Coordinated Universal Time)
annotator_02,annotator,109754,我眼中的照片,,nonpoem,news,,false,,Fri Aug 14 2026 07:35:14 GMT+0000 (Coordinated Universal Time)
annotator_02,annotator,109530,面朝大海，春暖花开,Haizi-CN,poem,ai,,true,2,Fri Aug 14 2026 07:35:21 GMT+0000 (Coordinated Universal Time)
annotator_02,annotator,109635,聊聊Buybuy,,nonpoem,news,,false,,Fri Aug 14 2026 07:35:22 GMT+0000 (Coordinated Universal Time)
annotator_02,annotator,109598,聊聊安住淳指出,,nonpoem,news,,false,,Fri Aug 14 2026 07:35:23 GMT+0000 (Coordinated Universal Time)
annotator_02,annotator,109447,肉体（之二）,Haizi,poem,ai,,true,4,Fri Aug 14 2026 07:35:36 GMT+0000 (Coordinated Universal Time)
annotator_02,annotator,109720,无题,,nonpoem,news,,false,,Fri Aug 14 2026 07:35:41 GMT+0000 (Coordinated Universal Time)
annotator_02,annotator,109732,所见·新浪体育讯,,nonpoem,news,,false,,Fri Aug 14 2026 07:35:43 GMT+0000 (Coordinated Universal Time)
annotator_02,annotator,109719,今天的MBA,,nonpoem,news,,false,,Fri Aug 14 2026 07:35:44 GMT+0000 (Coordinated Universal Time)
annotator_02,annotator,109425,在大草原上预感到海的降临,Haizi,poem,ai,,true,2,Fri Aug 14 2026 07:35:58 GMT+0000 (Coordinated Universal Time)
annotator_02,annotator,109431,十四行：玫瑰花园,Haizi,poem,ai,,true,3,Fri Aug 14 2026 07:43:09 GMT+0000 (Coordinated Universal Time)
annotator_02,annotator,109615,无题,,nonpoem,news,,false,,Fri Aug 14 2026 07:43:11 GMT+0000 (Coordinated Universal Time)
annotator_02,annotator,109667,顺着微弱的亮光的一点思考,,nonpoem,news,,false,,Fri Aug 14 2026 07:43:12 GMT+0000 (Coordinated Universal Time)
annotator_02,annotator,109697,不管是天真的一点思考,,nonpoem,news,,false,,Fri Aug 14 2026 07:43:23 GMT+0000 (Coordinated Universal Time)
annotator_02,annotator,109511,太平洋上的贾宝玉,Haizi,poem,ai,,true,2,Fri Aug 14 2026 07:43:31 GMT+0000 (Coordinated Universal Time)
annotator_02,annotator,109670,无题,,nonpoem,news,,false,,Fri Aug 14 2026 07:43:32 GMT+0000 (Coordinated Universal Time)
annotator_02,annotator,109388,有时,GuCheng,poem,ai,,true,2,Fri Aug 14 2026 07:43:54 GMT+0000 (Coordinated Universal Time)
annotator_02,annotator,109440,给B的生日,Haizi,poem,ai,,true,1,Fri Aug 14 2026 07:43:58 GMT+0000 (Coordinated Universal Time)
annotator_02,annotator,109566,而在任重道远的，然后,,nonpoem,news,,false,,Fri Aug 14 2026 07:44:01 GMT+0000 (Coordinated Universal Time)
annotator_02,annotator,109552,我感到魅惑,Haizi-CN,poem,ai,,true,2,Fri Aug 14 2026 07:44:10 GMT+0000 (Coordinated Universal Time)
annotator_02,annotator,109502,面朝大海，春暖花开,Haizi,poem,ai,,false,,Fri Aug 14 2026 07:44:11 GMT+0000 (Coordinated Universal Time)
annotator_02,annotator,109481,秋日想起春天的痛苦 也想起雷锋,Haizi,poem,ai,,true,3,Fri Aug 14 2026 07:44:30 GMT+0000 (Coordinated Universal Time)
annotator_02,annotator,109496,在昌平的孤独,Haizi,poem,ai,,true,3,Fri Aug 14 2026 07:45:30 GMT+0000 (Coordinated Universal Time)
annotator_02,annotator,109654,关于新生报到后,,nonpoem,news,,false,,Fri Aug 14 2026 07:45:32 GMT+0000 (Coordinated Universal Time)
annotator_02,annotator,109518,让我把脚丫搁在黄昏中一位木匠的工具箱上,Haizi-CN,poem,ai,,false,,Fri Aug 14 2026 07:45:48 GMT+0000 (Coordinated Universal Time)
annotator_02,annotator,109507,亚洲铜,Haizi,poem,ai,,false,,Fri Aug 14 2026 07:45:58 GMT+0000 (Coordinated Universal Time)
annotator_02,annotator,109531,梭罗这人有脑子,Haizi-CN,poem,ai,,false,,Fri Aug 14 2026 07:46:09 GMT+0000 (Coordinated Universal Time)
annotator_02,annotator,109570,今天的拉莫斯拿下两分,,nonpoem,news,,false,,Fri Aug 14 2026 07:46:11 GMT+0000 (Coordinated Universal Time)
annotator_02,annotator,109398,我们相信,GuCheng,poem,ai,,true,3,Fri Aug 14 2026 07:46:27 GMT+0000 (Coordinated Universal Time)
annotator_02,annotator,109574,所得款项，然后,,nonpoem,news,,false,,Fri Aug 14 2026 07:46:28 GMT+0000 (Coordinated Universal Time)
annotator_02,annotator,109665,无题,,nonpoem,news,,false,,Fri Aug 14 2026 07:46:30 GMT+0000 (Coordinated Universal Time)
annotator_02,annotator,109406,西藏,Haizi,poem,ai,,true,2,Fri Aug 14 2026 07:48:04 GMT+0000 (Coordinated Universal Time)
annotator_02,annotator,109656,迅速抢修基础设施的一点思考,,nonpoem,news,,false,,Fri Aug 14 2026 07:48:06 GMT+0000 (Coordinated Universal Time)
annotator_02,annotator,109694,今天的降低风险,,nonpoem,news,,false,,Fri Aug 14 2026 07:48:07 GMT+0000 (Coordinated Universal Time)
annotator_02,annotator,109590,今天的我们相信这是一个,,nonpoem,news,,false,,Fri Aug 14 2026 07:48:08 GMT+0000 (Coordinated Universal Time)
annotator_02,annotator,109545,春天，十个海子,Haizi-CN,poem,ai,,false,,Fri Aug 14 2026 07:48:32 GMT+0000 (Coordinated Universal Time)
annotator_02,annotator,109755,欢迎发表的一点思考,,nonpoem,news,,false,,Fri Aug 14 2026 07:48:34 GMT+0000 (Coordinated Universal Time)
annotator_02,annotator,109505,在昌平的孤独,Haizi,poem,ai,,false,,Fri Aug 14 2026 07:49:03 GMT+0000 (Coordinated Universal Time)
annotator_02,annotator,109629,所见·一个晴天霹雳,,nonpoem,news,,false,,Fri Aug 14 2026 07:49:04 GMT+0000 (Coordinated Universal Time)
annotator_02,annotator,109672,今天的长盛中信全债基金,,nonpoem,news,,false,,Fri Aug 14 2026 07:49:06 GMT+0000 (Coordinated Universal Time)
annotator_02,annotator,109567,聊聊他指出,,nonpoem,news,,false,,Fri Aug 14 2026 07:49:08 GMT+0000 (Coordinated Universal Time)
annotator_02,annotator,109712,所见·认为她把角色的疯,,nonpoem,news,,false,,Fri Aug 14 2026 07:49:10 GMT+0000 (Coordinated Universal Time)
annotator_02,annotator,109558,我不知道怎样爱你,LiBai,poem,ai,,false,,Fri Aug 14 2026 07:49:12 GMT+0000 (Coordinated Universal Time)
annotator_02,annotator,109540,不要在那里踱步,Haizi-CN,poem,ai,,false,,Fri Aug 14 2026 07:49:27 GMT+0000 (Coordinated Universal Time)
annotator_02,annotator,109384,吟烛,GuCheng,poem,ai,,true,3,Fri Aug 14 2026 07:49:39 GMT+0000 (Coordinated Universal Time)
annotator_02,annotator,109392,我们写东西,GuCheng,poem,ai,,true,2,Fri Aug 14 2026 07:52:29 GMT+0000 (Coordinated Universal Time)
annotator_02,annotator,109585,误人子弟，然后,,nonpoem,news,,false,,Fri Aug 14 2026 07:52:30 GMT+0000 (Coordinated Universal Time)
annotator_02,annotator,109604,所见·级考后对答案,,nonpoem,news,,false,,Fri Aug 14 2026 07:52:32 GMT+0000 (Coordinated Universal Time)
annotator_02,annotator,109601,我眼中的华盛顿邮报,,nonpoem,news,,false,,Fri Aug 14 2026 07:52:33 GMT+0000 (Coordinated Universal Time)
annotator_02,annotator,109489,明天醒来我会在哪一只鞋子里,Haizi,poem,ai,,false,,Fri Aug 14 2026 07:53:50 GMT+0000 (Coordinated Universal Time)
annotator_02,annotator,109517,面朝大海，春暖花开,Haizi-CN,poem,ai,,true,2,Fri Aug 14 2026 07:53:54 GMT+0000 (Coordinated Universal Time)
annotator_02,annotator,109526,村庄,Haizi-CN,poem,ai,,true,2,Fri Aug 14 2026 07:54:49 GMT+0000 (Coordinated Universal Time)
annotator_02,annotator,109396,很久以来,GuCheng,poem,ai,,true,2,Fri Aug 14 2026 07:55:44 GMT+0000 (Coordinated Universal Time)
annotator_02,annotator,109412,我请求：雨,Haizi,poem,ai,,true,3,Fri Aug 14 2026 07:55:57 GMT+0000 (Coordinated Universal Time)
annotator_02,annotator,109661,为国际奥林的一点思考,,nonpoem,news,,false,,Fri Aug 14 2026 07:55:58 GMT+0000 (Coordinated Universal Time)
annotator_02,annotator,109565,面朝大海，春暖花开,LiBai,poem,ai,,false,,Fri Aug 14 2026 07:55:59 GMT+0000 (Coordinated Universal Time)
annotator_02,annotator,109427,七月不远,Haizi,poem,ai,,false,,Fri Aug 14 2026 07:56:40 GMT+0000 (Coordinated Universal Time)
annotator_02,annotator,109400,不要说了，我不会屈服,GuCheng,poem,ai,,true,3,Fri Aug 14 2026 07:57:38 GMT+0000 (Coordinated Universal Time)
annotator_02,annotator,109581,聊聊韦伯表示,,nonpoem,news,,false,,Fri Aug 14 2026 07:57:39 GMT+0000 (Coordinated Universal Time)
annotator_02,annotator,109377,找寻,GuCheng,poem,ai,,true,3,Fri Aug 14 2026 07:57:44 GMT+0000 (Coordinated Universal Time)
annotator_02,annotator,109495,太平洋上的贾宝玉,Haizi,poem,ai,,false,,Fri Aug 14 2026 08:00:37 GMT+0000 (Coordinated Universal Time)
annotator_02,annotator,109568,聊聊美景,,nonpoem,news,,false,,Fri Aug 14 2026 08:00:39 GMT+0000 (Coordinated Universal Time)
annotator_02,annotator,109468,莫扎特在《安魂曲》中说,Haizi,poem,ai,,true,3,Fri Aug 14 2026 08:01:32 GMT+0000 (Coordinated Universal Time)
annotator_02,annotator,109559,爱我吧，海,LiBai,poem,ai,,true,3,Fri Aug 14 2026 08:01:46 GMT+0000 (Coordinated Universal Time)
annotator_02,annotator,109503,主人,Haizi,poem,ai,,false,,Fri Aug 14 2026 08:05:18 GMT+0000 (Coordinated Universal Time)
annotator_02,annotator,109453,九月,Haizi,poem,ai,,false,,Fri Aug 14 2026 08:05:19 GMT+0000 (Coordinated Universal Time)
annotator_02,annotator,109649,无题,,nonpoem,news,,false,,Fri Aug 14 2026 08:05:21 GMT+0000 (Coordinated Universal Time)
annotator_02,annotator,109401,找寻,GuCheng,poem,ai,,false,,Fri Aug 14 2026 08:05:27 GMT+0000 (Coordinated Universal Time)
annotator_02,annotator,109539,两座村庄,Haizi-CN,poem,ai,,false,,Fri Aug 14 2026 08:15:03 GMT+0000 (Coordinated Universal Time)
annotator_02,annotator,109613,无题,,nonpoem,news,,false,,Fri Aug 14 2026 08:15:06 GMT+0000 (Coordinated Universal Time)
annotator_02,annotator,109516,太平洋的献诗,Haizi,poem,ai,,false,,Fri Aug 14 2026 08:23:01 GMT+0000 (Coordinated Universal Time)
annotator_06,annotator,109427,七月不远,Haizi,poem,ai,,true,4,Fri Aug 14 2026 13:24:34 GMT+0000 (Coordinated Universal Time)
annotator_06,annotator,109691,所见·身穿黑色夹克,,nonpoem,news,,false,,Fri Aug 14 2026 13:24:42 GMT+0000 (Coordinated Universal Time)
annotator_06,annotator,109407,亚洲铜,Haizi,poem,ai,,true,3,Fri Aug 14 2026 13:24:57 GMT+0000 (Coordinated Universal Time)
annotator_06,annotator,109642,他们正在锻炼身体的一点思考,,nonpoem,news,,false,,Fri Aug 14 2026 13:24:59 GMT+0000 (Coordinated Universal Time)
annotator_06,annotator,109556,我们相信,LiBai,poem,ai,,true,2,Fri Aug 14 2026 13:25:16 GMT+0000 (Coordinated Universal Time)
annotator_06,annotator,109551,不要在那里踱步,Haizi-CN,poem,ai,,true,5,Fri Aug 14 2026 13:25:25 GMT+0000 (Coordinated Universal Time)
annotator_06,annotator,109507,亚洲铜,Haizi,poem,ai,,false,,Fri Aug 14 2026 13:25:33 GMT+0000 (Coordinated Universal Time)
annotator_06,annotator,109664,无题,,nonpoem,news,,false,,Fri Aug 14 2026 13:25:36 GMT+0000 (Coordinated Universal Time)
annotator_06,annotator,109640,全场比赛马格洛伊的一点思考,,nonpoem,news,,false,,Fri Aug 14 2026 13:25:40 GMT+0000 (Coordinated Universal Time)
annotator_06,annotator,109728,我眼中的客观地说,,nonpoem,news,,false,,Fri Aug 14 2026 13:25:51 GMT+0000 (Coordinated Universal Time)
annotator_06,annotator,109745,无题,,nonpoem,news,,false,,Fri Aug 14 2026 13:25:52 GMT+0000 (Coordinated Universal Time)
annotator_06,annotator,109571,无题,,nonpoem,news,,false,,Fri Aug 14 2026 13:25:54 GMT+0000 (Coordinated Universal Time)
annotator_06,annotator,109594,无题,,nonpoem,news,,false,,Fri Aug 14 2026 13:25:57 GMT+0000 (Coordinated Universal Time)
annotator_06,annotator,109675,今天的一只可爱的小宝宝,,nonpoem,news,,false,,Fri Aug 14 2026 13:26:00 GMT+0000 (Coordinated Universal Time)
annotator_06,annotator,109565,面朝大海，春暖花开,LiBai,poem,ai,,true,4,Fri Aug 14 2026 13:26:40 GMT+0000 (Coordinated Universal Time)
annotator_06,annotator,109523,野鸽子,Haizi-CN,poem,ai,,true,3,Fri Aug 14 2026 13:27:18 GMT+0000 (Coordinated Universal Time)
annotator_06,annotator,109442,面朝大海，春暖花开,Haizi,poem,ai,,true,4,Fri Aug 14 2026 13:28:07 GMT+0000 (Coordinated Universal Time)
annotator_06,annotator,109609,我眼中的这些节目比较类似,,nonpoem,news,,false,,Fri Aug 14 2026 13:28:12 GMT+0000 (Coordinated Universal Time)
annotator_06,annotator,109747,所见·当阿泰在场上时得,,nonpoem,news,,false,,Fri Aug 14 2026 13:28:14 GMT+0000 (Coordinated Universal Time)
annotator_06,annotator,109498,春天，十个海子,Haizi,poem,ai,,true,2,Fri Aug 14 2026 13:28:45 GMT+0000 (Coordinated Universal Time)
annotator_06,annotator,109444,亚洲铜,Haizi,poem,ai,,false,,Fri Aug 14 2026 13:28:49 GMT+0000 (Coordinated Universal Time)
annotator_06,annotator,109648,今天的还要把血抽回来,,nonpoem,news,,false,,Fri Aug 14 2026 13:28:52 GMT+0000 (Coordinated Universal Time)
annotator_06,annotator,109577,无题,,nonpoem,news,,false,,Fri Aug 14 2026 13:28:54 GMT+0000 (Coordinated Universal Time)
annotator_06,annotator,109500,莫扎特在《安魂曲》中说,Haizi,poem,ai,,true,2,Fri Aug 14 2026 13:30:07 GMT+0000 (Coordinated Universal Time)
annotator_06,annotator,109694,今天的降低风险,,nonpoem,news,,false,,Fri Aug 14 2026 13:30:09 GMT+0000 (Coordinated Universal Time)
annotator_06,annotator,109718,无题,,nonpoem,news,,false,,Fri Aug 14 2026 13:30:10 GMT+0000 (Coordinated Universal Time)
annotator_06,annotator,109508,春天，十个海子,Haizi,poem,ai,,true,5,Fri Aug 14 2026 13:30:29 GMT+0000 (Coordinated Universal Time)
annotator_06,annotator,109390,很久以来,GuCheng,poem,ai,,false,,Fri Aug 14 2026 13:30:36 GMT+0000 (Coordinated Universal Time)
annotator_06,annotator,109743,无题,,nonpoem,news,,false,,Fri Aug 14 2026 13:30:37 GMT+0000 (Coordinated Universal Time)
annotator_02,annotator,109394,我感到魅惑,GuCheng,poem,ai,,true,3,Fri Aug 14 2026 15:06:47 GMT+0000 (Coordinated Universal Time)